Key,Item Type,Publication Year,Author,Citation,Title,Included in ZooTraits,Publication Title,ISBN,ISSN,DOI,Url,Abstract Note,Date,Date Added,Date Modified,Access Date,Pages,Num Pages,Issue,Volume,Number Of Volumes,Journal Abbreviation,Short Title,Series,Series Number,Series Text,Series Title,Publisher,Place,Language,Rights,Type,Archive,Archive Location,Library Catalog,Call Number,Extra,Notes,File Attachments,Link Attachments,Manual Tags,Automatic Tags,Editor,Series Editor,Translator,Contributor,Attorney Agent,Book Author,Cast Member,Commenter,Composer,Cosponsor,Counsel,Interviewer,Producer,Recipient,Reviewed Author,Scriptwriter,Words By,Guest,Number,Edition,Running Time,Scale,Medium,Artwork Size,Filing Date,Application Number,Assignee,Issuing Authority,Country,Meeting Name,Conference Name,Court,References,Reporter,Legal Status,Priority Numbers,Programming Language,Version,System,Code,Code Number,Section,Session,Committee,History,Legislative Body
V6LF7EEC,journalArticle,2021,"Castillo-Figueroa, Dennis; Pérez-Torres, Jairo","Castillo-Figueroa & Pérez-Torres, 2021",On the development of a trait-based approach for studying Neotropical bats,no,Papéis Avulsos de Zoologia,,0031-1049,10.11606/1807-0205/2021.61.24,http://dx.doi.org/10.11606/1807-0205/2021.61.24,,2021-02,15/01/2025 21:53,15/01/2025 21:53,,e20216124,,,61,,,,,,,,,,,,,,,,,"Publisher: Universidade de Sao Paulo, Agencia USP de Gestao da Informacao Academica (AGUIA)",,,,,,,,,,,,,,,,,,,,,,,,,,,,,,,,,,,,,,,,,,,,,,,,,,,
NK4YHTEG,journalArticle,2024,"Gonçalves-Souza, Thiago; Milz, Beatriz; Sanders, Nathan J.; Reich, Peter B.; Maitner, Brian; Chaves, Leonardo S.; Boldorini, Gabriel X.; Ferreira, Natália; Gusmão, Reginaldo A. F.; Perônico, Phamela Bernardes; Teresa, Fabrício B.; Umaña, María Natalia","Gonçalves-Souza et al., 2024",ZooTraits: An R shiny app for exploring animal trait data for ecological and evolutionary research,no,Ecology and Evolution,,2045-7758,10.1002/ece3.11334,https://onlinelibrary.wiley.com/doi/abs/10.1002/ece3.11334,"Animal trait data are scattered across several datasets, making it challenging to compile and compare trait information across different groups. For plants, the TRY database has been an unwavering success for those ecologists interested in addressing how plant traits influence a wide variety of processes and patterns, but the same is not true for most animal taxonomic groups. Here, we introduce ZooTraits, a Shiny app designed to help users explore and obtain animal trait data for research in ecology and evolution. ZooTraits was developed to tackle the challenge of finding in a single site information of multiple trait datasets and facilitating access to traits by providing an easy-to-use, open-source platform. This app combines datasets centralized in the Open Trait Network, raw data from the AnimalTraits database, and trait information for animals compiled by Gonçalves-Souza et al. (2023, Ecology and Evolution 13, e10016). Importantly, the ZooTraits app can be accessed freely and provides a user-friendly interface through three functionalities that will allow users to easily visualize, compare, download, and upload trait data across the animal tree of life—ExploreTrait, FeedTrait, and GetTrait. By using ExploreTrait and GetTrait, users can explore, compare, and extract 3954 trait records from 23,394 species centralized in the Open Traits Network, and trait data for 2000 species from the AnimalTraits database. The app summarizes trait information for numerous taxonomic groups within the Animal Kingdom, encompassing data from diverse aquatic and terrestrial ecosystems and various geographic regions worldwide. Moreover, ZooTraits enables researchers to upload trait information, serving as a hub for a continually expanding global trait database. By promoting the centralization of trait datasets and offering a platform for data sharing, ZooTraits is facilitating advancements in trait-based ecological and evolutionary studies. We hope that other trait databases will evolve to mirror the approach we have outlined here.",2024,06/09/2024 16:35,06/09/2024 16:35,06/09/2024 16:35,e11334,,5,14,,,ZooTraits,,,,,,,en,© 2024 The Authors. Ecology and Evolution published by John Wiley & Sons Ltd.,,,,Wiley Online Library,,_eprint: https://onlinelibrary.wiley.com/doi/pdf/10.1002/ece3.11334,,C:\Users\rober\Zotero\storage\Y7DU24ZJ\Gonçalves-Souza et al. - 2024 - ZooTraits An R shiny app for exploring animal trait data for ecological and evolutionary research.pdf; C:\Users\rober\Zotero\storage\8HAZ79VK\ece3.html,,,animal trait database; Open Science; Raunkiæran shortfall; trait-based ecology,,,,,,,,,,,,,,,,,,,,,,,,,,,,,,,,,,,,,,,,,,,,,,
ZL7CJLPS,journalArticle,2021,"Soria, Carmen D.; Pacifici, Michela; Di Marco, Moreno; Stephen, Sarah M.; Rondinini, Carlo","Soria et al., 2021",COMBINE: a coalesced mammal database of intrinsic and extrinsic traits,no,Ecology,,1939-9170,10.1002/ecy.3344,http://dx.doi.org/10.1002/ecy.3344,,2021-05,15/01/2025 21:53,15/01/2025 21:53,,,,6,102,,,,,,,,,,,,,,,,,Publisher: Wiley,,,,,,,,,,,,,,,,,,,,,,,,,,,,,,,,,,,,,,,,,,,,,,,,,,,
P8XNXHM9,journalArticle,2023,"Cosentino, Francesca; Castiello, Giorgia; Maiorano, Luigi","Cosentino et al., 2023",A dataset on African bats’ functional traits,no,Scientific Data,,2052-4463,10.1038/s41597-023-02472-w,http://dx.doi.org/10.1038/s41597-023-02472-w,,2023-09,15/01/2025 21:53,15/01/2025 21:53,,,,1,10,,,,,,,,,,,,,,,,,Publisher: Springer Science and Business Media LLC,,,,,,,,,,,,,,,,,,,,,,,,,,,,,,,,,,,,,,,,,,,,,,,,,,,
WVVT6NUE,journalArticle,2023,"Froidevaux, Jérémy S. P.; Toshkova, Nia; Barbaro, Luc; Benítez-López, Ana; Kerbiriou, Christian; Le Viol, Isabelle; Pacifici, Michela; Santini, Luca; Stawski, Clare; Russo, Danilo; Dekker, Jasja; Alberdi, Antton; Amorim, Francisco; Ancillotto, Leonardo; Barré, Kévin; Bas, Yves; Cantú-Salazar, Lisette; Dechmann, Dina K. N.; Devaux, Tiphaine; Eldegard, Katrine; Fereidouni, Sasan; Furmankiewicz, Joanna; Hamidovic, Daniela; Hill, Davina L.; Ibáñez, Carlos; Julien, Jean-François; Juste, Javier; Kaňuch, Peter; Korine, Carmi; Laforge, Alexis; Legras, Gaëlle; Leroux, Camille; Lesiński, Grzegorz; Mariton, Léa; Marmet, Julie; Mata, Vanessa A.; Mifsud, Clare M.; Nistreanu, Victoria; Novella-Fernandez, Roberto; Rebelo, Hugo; Roche, Niamh; Roemer, Charlotte; Ruczyński, Ireneusz; Sørås, Rune; Uhrin, Marcel; Vella, Adriana; Voigt, Christian C.; Razgour, Orly","Froidevaux et al., 2023",A species-level trait dataset of bats in Europe and beyond,no,Scientific Data,,2052-4463,10.1038/s41597-023-02157-4,http://dx.doi.org/10.1038/s41597-023-02157-4,,2023-05,15/01/2025 21:53,15/01/2025 21:53,,,,1,10,,,,,,,,,,,,,,,,,Publisher: Springer Science and Business Media LLC,,,,,,,,,,,,,,,,,,,,,,,,,,,,,,,,,,,,,,,,,,,,,,,,,,,
HYBQEQFT,journalArticle,2021,"Crane, Matt; Silva, Inês; Grainger, Matthew J.; Gale, George A.","Crane et al., 2021",Limitations and gaps in global bat wing morphology trait data,no,Mammal Review,,1365-2907,10.1111/mam.12270,http://dx.doi.org/10.1111/mam.12270,,2021-09,15/01/2025 21:53,15/01/2025 21:53,,165–176,,2,52,,,,,,,,,,,,,,,,,Publisher: Wiley,,,,,,,,,,,,,,,,,,,,,,,,,,,,,,,,,,,,,,,,,,,,,,,,,,,
ZAX7D2UM,journalArticle,2015,"Myhrvold, Nathan P.; Baldridge, Elita; Chan, Benjamin; Sivam, Dhileep; Freeman, Daniel L.; Ernest, S. K. Morgan","Myhrvold et al., 2015","An amniote life‐history database to perform comparative analyses with birds, mammals, and reptiles: Ecological Archives E096‐269",no,Ecology,,1939-9170,10.1890/15-0846r.1,http://dx.doi.org/10.1890/15-0846R.1,,2015-11,15/01/2025 21:53,15/01/2025 21:53,,3109–3109,,11,96,,,,,,,,,,,,,,,,,Publisher: Wiley,,,,,,,,,,,,,,,,,,,,,,,,,,,,,,,,,,,,,,,,,,,,,,,,,,,
L9LXBH8V,journalArticle,2018,"Gonçalves, Fernando; Bovendorp, Ricardo S.; Beca, Gabrielle; Bello, Carolina; Costa‐Pereira, Raul; Muylaert, Renata L.; Rodarte, Raisa R.; Villar, Nacho; Souza, Rafael; Graipel, Maurício E.; Cherem, Jorge J.; Faria, Deborah; Baumgarten, Julio; Alvarez, Martín R.; Vieira, Emerson M.; Cáceres, Nilton; Pardini, Renata; Leite, Yuri L. R.; Costa, Leonora P.; Mello, Marco A. R.; Fischer, Erich; Passos, Fernando C.; Varzinczak, Luiz H.; Prevedello, Jayme A.; Cruz‐Neto, Ariovaldo P.; Carvalho, Fernando; Percequillo, Alexandre R.; Paviolo, Agustin; Nava, Alessandra; Duarte, José M. B.; de la Sancha, Noé U.; Bernard, Enrico; Morato, Ronaldo G.; Ribeiro, Juliana F.; Becker, Rafael G.; Paise, Gabriela; Tomasi, Paulo S.; Vélez‐Garcia, Felipe; Melo, Geruza L.; Sponchiado, Jonas; Cerezer, Felipe; Barros, Marília A. S.; de Souza, Albérico Q. S.; dos Santos, Cinthya C.; Giné, Gastón A. F.; Kerches‐Rogeri, Patricia; Weber, Marcelo M.; Ambar, Guilherme; Cabrera‐Martinez, Lucía V.; Eriksson, Alan; Silveira, Maurício; Santos, Carolina F.; Alves, Lucas; Barbier, Eder; Rezende, Gabriela C.; Garbino, Guilherme S. T.; Rios, Élson O.; Silva, Adna; Nascimento, Alexandre Túlio A.; de Carvalho, Rodrigo S.; Feijó, Anderson; Arrabal, Juan; Agostini, Ilaria; Lamattina, Daniela; Costa, Sebastian; Vanderhoeven, Ezequiel; de Melo, Fabiano R.; de Oliveira Laroque, Plautino; Jerusalinsky, Leandro; Valença‐Montenegro, Mônica M.; Martins, Amely B.; Ludwig, Gabriela; de Azevedo, Renata B.; Anzóategui, Agustin; da Silva, Marina X.; Figuerêdo Duarte Moraes, Marcela; Vogliotti, Alexandre; Gatti, Andressa; Püttker, Thomas; Barros, Camila S.; Martins, Thais K.; Keuroghlian, Alexine; Eaton, Donald P.; Neves, Carolina L.; Nardi, Marcelo S.; Braga, Caryne; Gonçalves, Pablo R.; Srbek‐Araujo, Ana Carolina; Mendes, Poliana; de Oliveira, João A.; Soares, Fábio A. M.; Rocha, Patrício A.; Crawshaw, Peter; Ribeiro, Milton C.; Galetti, Mauro","Gonçalves et al., 2018",ATLANTIC MAMMAL TRAITS: a data set of morphological traits of mammals in the Atlantic Forest of South America,no,Ecology,,1939-9170,10.1002/ecy.2106,http://dx.doi.org/10.1002/ecy.2106,,2018-02,15/01/2025 21:53,15/01/2025 21:53,,498–498,,2,99,,,,,,,,,,,,,,,,,Publisher: Wiley,,,,,,,,,,,,,,,,,,,,,,,,,,,,,,,,,,,,,,,,,,,,,,,,,,,
XQQZSYFX,journalArticle,2022,"Tanalgo, Krizler C.; Tabora, John Aries G.; de Oliveira, Hernani Fernandes Magalhães; Haelewaters, Danny; Beranek, Chad T.; Otálora-Ardila, Aída; Bernard, Enrico; Gonçalves, Fernando; Eriksson, Alan; Donnelly, Melissa; González, Joel Monzón; Ramos, Humberto Fernández; Rivas, Alberto Clark; Webala, Paul W.; Deleva, Stanimira; Dalhoumi, Ridha; Maula, Jaycelle; Lizarro, Dennis; Aguirre, Luis F.; Bouillard, Nils; Quibod, Ma. Niña Regina M.; Barros, Jennifer; Turcios-Casco, Manfredo Alejandro; Martínez, Marcio; Ordoñez-Mazier, Diego Iván; Orellana, José Alejandro Soler; Ordoñez-Trejo, Eduardo J.; Ordoñez, Danny; Chornelia, Ada; Lu, Jian Mei; Xing, Chen; Baniya, Sanjeev; Muylaert, Renata L.; Dias-Silva, Leonardo Henrique; Ruadreo, Nittaya; Hughes, Alice Catherine","Tanalgo et al., 2022","DarkCideS 1.0, a global database for bats in karsts and caves",no,Scientific Data,,2052-4463,10.1038/s41597-022-01234-4,http://dx.doi.org/10.1038/s41597-022-01234-4,,2022-04,15/01/2025 21:53,15/01/2025 21:53,,,,1,9,,,,,,,,,,,,,,,,,Publisher: Springer Science and Business Media LLC,,,,,,,,,,,,,,,,,,,,,,,,,,,,,,,,,,,,,,,,,,,,,,,,,,,
SHWL37VC,journalArticle,2002,"Wilkinson, Gerald S.; South, Jason M.","Wilkinson & South, 2002","Life history, ecology and longevity in bats",no,Aging Cell,,1474-9726,10.1046/j.1474-9728.2002.00020.x,http://dx.doi.org/10.1046/j.1474-9728.2002.00020.x,,2002-11,15/01/2025 21:53,15/01/2025 21:53,,124–131,,2,1,,,,,,,,,,,,,,,,,Publisher: Wiley,,,,,,,,,,,,,,,,,,,,,,,,,,,,,,,,,,,,,,,,,,,,,,,,,,,
9Q95ZLTH,journalArticle,2022,"Herberstein, Marie E.; McLean, Donald James; Lowe, Elizabeth; Wolff, Jonas O.; Khan, Md Kawsar; Smith, Kaitlyn; Allen, Andrew P.; Bulbert, Matthew; Buzatto, Bruno A.; Eldridge, Mark D. B.; Falster, Daniel; Fernandez Winzer, Laura; Griffith, Simon C.; Madin, Joshua S.; Narendra, Ajay; Westoby, Mark; Whiting, Martin J.; Wright, Ian J.; Carthey, Alexandra J. R.","Herberstein et al., 2022","AnimalTraits - a curated animal trait database for body mass, metabolic rate and brain size",no,Scientific Data,,2052-4463,10.1038/s41597-022-01364-9,http://dx.doi.org/10.1038/s41597-022-01364-9,,2022-06,15/01/2025 21:53,15/01/2025 21:53,,,,1,9,,,,,,,,,,,,,,,,,Publisher: Springer Science and Business Media LLC,,,,,,,,,,,,,,,,,,,,,,,,,,,,,,,,,,,,,,,,,,,,,,,,,,,
HTSJD4F4,journalArticle,2020,"Laurindo, Rafael de Souza; Vizentin-Bugoni, Jeferson; Tavares, Davi Castro; Mancini, Matheus Camargo Silva; Mello, Rodrigo de Macêdo; Gregorin, Renato","Laurindo et al., 2020",Drivers of bat roles in Neotropical seed dispersal networks: abundance is more important than functional traits,yes,Oecologia,,1432-1939,10.1007/s00442-020-04662-4,http://dx.doi.org/10.1007/s00442-020-04662-4,,2020-05,15/01/2025 21:53,15/01/2025 21:53,,189–198,,1,193,,,,,,,,,,,,,,,,,Publisher: Springer Science and Business Media LLC,,,,,,,,,,,,,,,,,,,,,,,,,,,,,,,,,,,,,,,,,,,,,,,,,,,
HJLTPCPU,journalArticle,2019,"Barbaro, Luc; Allan, Eric; Ampoorter, Evy; Castagneyrol, Bastien; Charbonnier, Yohan; De Wandeler, Hans; Kerbiriou, Christian; Milligan, Harriet T.; Vialatte, Aude; Carnol, Monique; Deconchat, Marc; De Smedt, Pallieter; Jactel, Hervé; Koricheva, Julia; Le Viol, Isabelle; Muys, Bart; Scherer-Lorenzen, Michael; Verheyen, Kris; van der Plas, Fons","Barbaro et al., 2019",Biotic predictors complement models of bat and bird responses to climate and tree diversity in European forests,yes,Proceedings of the Royal Society B: Biological Sciences,,1471-2954,10.1098/rspb.2018.2193,http://dx.doi.org/10.1098/rspb.2018.2193,,2019-01,15/01/2025 21:53,15/01/2025 21:53,,20182193,,1894,286,,,,,,,,,,,,,,,,,Publisher: The Royal Society,,,,,,,,,,,,,,,,,,,,,,,,,,,,,,,,,,,,,,,,,,,,,,,,,,,
8WBL8BLA,journalArticle,2018,"Stevens, Richard D.; Tello, J. Sebastián","Stevens & Tello, 2018",A latitudinal gradient in dimensionality of biodiversity,yes,Ecography,,1600-0587,10.1111/ecog.03654,http://dx.doi.org/10.1111/ecog.03654,,2018-04,15/01/2025 21:53,15/01/2025 21:53,,2016–2026,,12,41,,,,,,,,,,,,,,,,,Publisher: Wiley,,,,,,,,,,,,,,,,,,,,,,,,,,,,,,,,,,,,,,,,,,,,,,,,,,,
IEMFT7RQ,journalArticle,2018,"Murillo-García, Oscar E.; De la vega, Maria E.","Murillo-García & De la vega, 2018","Divergence, Convergence and Phenotypic Diversity of Neotropical Frugivorous Bats",yes,Diversity,,1424-2818,10.3390/d10030100,http://dx.doi.org/10.3390/d10030100,,2018-09,15/01/2025 21:53,15/01/2025 21:53,,100,,3,10,,,,,,,,,,,,,,,,,Publisher: MDPI AG,,,,,,,,,,,,,,,,,,,,,,,,,,,,,,,,,,,,,,,,,,,,,,,,,,,
YS79RVEZ,journalArticle,2018,"Renner, Swen C.; Suarez-Rubio, Marcela; Kaiser, Sonja; Nieschulze, Jens; Kalko, Elisabeth K.V.; Tschapka, Marco; Jung, Kirsten","Renner et al., 2018",Divergent response to forest structure of two mobile vertebrate groups,yes,Forest Ecology and Management,,0378-1127,10.1016/j.foreco.2018.02.028,http://dx.doi.org/10.1016/j.foreco.2018.02.028,,2018-05,15/01/2025 21:53,15/01/2025 21:53,,129–138,,,415–416,,,,,,,,,,,,,,,,,Publisher: Elsevier BV,,,,,,,,,,,,,,,,,,,,,,,,,,,,,,,,,,,,,,,,,,,,,,,,,,,
GAWJ9TG3,journalArticle,2018,"Farneda, Fábio Z.; Rocha, Ricardo; López-Baucells, Adrià; Sampaio, Erica M.; Palmeirim, Jorge M.; Bobrowiec, Paulo E.D.; Grelle, Carlos E.V.; Meyer, Christoph F.J.","Farneda et al., 2018",Functional recovery of Amazonian bat assemblages following secondary forest succession,yes,Biological Conservation,,0006-3207,10.1016/j.biocon.2017.12.036,http://dx.doi.org/10.1016/j.biocon.2017.12.036,,2018-02,15/01/2025 21:53,15/01/2025 21:53,,192–199,,,218,,,,,,,,,,,,,,,,,Publisher: Elsevier BV,,,,,,,,,,,,,,,,,,,,,,,,,,,,,,,,,,,,,,,,,,,,,,,,,,,
4J7WFLHM,journalArticle,2018,"Monadjem, Ara; Conenna, Irene; Taylor, Peter; Schoeman, M. Corrie","Monadjem et al., 2018",Species richness patterns and functional traits of the bat fauna of arid southern Africa,yes,Hystrix the Italian Journal of Mammalogy,,18255272,10.4404/hystrix-00016-2017,https://doi.org/10.4404/hystrix-00016-2017,,2018-03,15/01/2025 21:53,15/01/2025 21:53,,0,,1,29,,,,,,,,,,,,,,,,,Place: IT Publisher: Associazione Teriologica Italiana,,,,,,,,,,,,,,,,,,,,,,,,,,,,,,,,,,,,,,,,,,,,,,,,,,,
M2C6AIQA,journalArticle,2018,"Ramos Pereira, Maria João; Fonseca, Carlos; Aguiar, Ludmilla","Ramos Pereira et al., 2018",Loss of multiple dimensions of bat diversity under land-use intensification in the Brazilian Cerrado,yes,Hystrix the Italian Journal of Mammalogy,,18255272,10.4404/hystrix-00020-2017,https://doi.org/10.4404/hystrix-00020-2017,,2018-04,15/01/2025 21:53,15/01/2025 21:53,,0,,1,29,,,,,,,,,,,,,,,,,Place: IT Publisher: Associazione Teriologica Italiana,,,,,,,,,,,,,,,,,,,,,,,,,,,,,,,,,,,,,,,,,,,,,,,,,,,
R7XTB86U,journalArticle,2017,"Presley, Steven J.; Cisneros, Laura M.; Higgins, Christopher L.; Klingbeil, Brian T.; Scheiner, Samuel M.; Willig, Michael R.","Presley et al., 2017",Phylogenetic and functional underdispersion in Neotropical phyllostomid bat communities,yes,Biotropica,,1744-7429,10.1111/btp.12501,http://dx.doi.org/10.1111/btp.12501,,2017-10,15/01/2025 21:53,15/01/2025 21:53,,135–145,,1,50,,,,,,,,,,,,,,,,,Publisher: Wiley,,,,,,,,,,,,,,,,,,,,,,,,,,,,,,,,,,,,,,,,,,,,,,,,,,,
KTI6MJ3B,journalArticle,2017,"Reardon, Shannon; Schoeman, M. Corrie","Reardon & Schoeman, 2017","Species Richness, Functional Diversity and Assemblage Structure of Insectivorous Bats Along an Elevational Gradient in Tropical West Africa",yes,Acta Chiropterologica,,1733-5329,10.3161/15081109acc2017.19.2.005,http://dx.doi.org/10.3161/15081109ACC2017.19.2.005,,2017-12,15/01/2025 21:53,15/01/2025 21:53,,273–285,,2,19,,,,,,,,,,,,,,,,,Publisher: Museum and Institute of Zoology at the Polish Academy of Sciences,,,,,,,,,,,,,,,,,,,,,,,,,,,,,,,,,,,,,,,,,,,,,,,,,,,
B3US24XJ,journalArticle,2016,"Scheiner, Samuel M.; Kosman, Evsey; Presley, Steven J.; Willig, Michael R.","Scheiner et al., 2016",Decomposing functional diversity,yes,Methods in Ecology and Evolution,,2041-210X,10.1111/2041-210x.12696,http://dx.doi.org/10.1111/2041-210X.12696,,2016-12,15/01/2025 21:53,15/01/2025 21:53,,809–820,,7,8,,,,,,,,,,,,,,,,,Publisher: Wiley,,,,,,"Chao, Anne",,,,,,,,,,,,,,,,,,,,,,,,,,,,,,,,,,,,,,,,,,,,,
XXD5PTTE,journalArticle,2017,"Briones-Salas, Miguel; Lavariega, Mario C.; Moreno, Claudia E.","Briones-Salas et al., 2017",Effects of a wind farm installation on the understory bat community of a highly biodiverse tropical region in Mexico,yes,PeerJ,,2167-8359,10.7717/peerj.3424,http://dx.doi.org/10.7717/peerj.3424,,2017-06,15/01/2025 21:53,15/01/2025 21:53,,e3424,,,5,,,,,,,,,,,,,,,,,Publisher: PeerJ,,,,,,,,,,,,,,,,,,,,,,,,,,,,,,,,,,,,,,,,,,,,,,,,,,,
EC42DF2H,journalArticle,2017,"Wordley, Claire F.R.; Sankaran, Mahesh; Mudappa, Divya; Altringham, John D.","Wordley et al., 2017",Bats in the Ghats: Agricultural intensification reduces functional diversity and increases trait filtering in a biodiversity hotspot in India,yes,Biological Conservation,,0006-3207,10.1016/j.biocon.2017.03.026,http://dx.doi.org/10.1016/j.biocon.2017.03.026,,2017-06,15/01/2025 21:53,15/01/2025 21:53,,48–55,,,210,,,,,,,,,,,,,,,,,Publisher: Elsevier BV,,,,,,,,,,,,,,,,,,,,,,,,,,,,,,,,,,,,,,,,,,,,,,,,,,,
IPIFKJ5P,journalArticle,2016,"García-Morales, Rodrigo; Moreno, Claudia E.; Badano, Ernesto I.; Zuria, Iriana; Galindo-González, Jorge; Rojas-Martínez, Alberto E.; Ávila-Gómez, Eva S.","García-Morales et al., 2016",Deforestation Impacts on Bat Functional Diversity in Tropical Landscapes,yes,PLOS ONE,,1932-6203,10.1371/journal.pone.0166765,http://dx.doi.org/10.1371/journal.pone.0166765,,2016-12,15/01/2025 21:53,15/01/2025 21:53,,e0166765,,12,11,,,,,,,,,,,,,,,,,Publisher: Public Library of Science (PLoS),,,,,,"Fenton, Brock",,,,,,,,,,,,,,,,,,,,,,,,,,,,,,,,,,,,,,,,,,,,,
PKYZRPSG,journalArticle,2016,"Charbonnier, Yohan M.; Barbaro, Luc; Barnagaud, Jean-Yves; Ampoorter, Evy; Nezan, Julien; Verheyen, Kris; Jactel, Hervé","Charbonnier et al., 2016",Bat and bird diversity along independent gradients of latitude and tree composition in European forests,yes,Oecologia,,1432-1939,10.1007/s00442-016-3671-9,http://dx.doi.org/10.1007/s00442-016-3671-9,,2016-06,15/01/2025 21:53,15/01/2025 21:53,,529–537,,2,182,,,,,,,,,,,,,,,,,Publisher: Springer Science and Business Media LLC,,,,,,,,,,,,,,,,,,,,,,,,,,,,,,,,,,,,,,,,,,,,,,,,,,,
57PSUWNY,journalArticle,2015,"Farneda, Fábio Z.; Rocha, Ricardo; López‐Baucells, Adrià; Groenenberg, Milou; Silva, Inês; Palmeirim, Jorge M.; Bobrowiec, Paulo E. D.; Meyer, Christoph F. J.","Farneda et al., 2015",Trait‐related responses to habitat fragmentation in Amazonian bats,yes,Journal of Applied Ecology,,1365-2664,10.1111/1365-2664.12490,http://dx.doi.org/10.1111/1365-2664.12490,,2015-07,15/01/2025 21:53,15/01/2025 21:53,,1381–1391,,5,52,,,,,,,,,,,,,,,,,Publisher: Wiley,,,,,,"Pocock, Michael",,,,,,,,,,,,,,,,,,,,,,,,,,,,,,,,,,,,,,,,,,,,,
GLD3YBCN,journalArticle,2014,"Cisneros, Laura M.; Fagan, Matthew E.; Willig, Michael R.","Cisneros et al., 2014","Effects of human‐modified landscapes on taxonomic, functional and phylogenetic dimensions of bat biodiversity",yes,Diversity and Distributions,,1472-4642,10.1111/ddi.12277,http://dx.doi.org/10.1111/ddi.12277,,2014-11,15/01/2025 21:53,15/01/2025 21:53,,523–533,,5,21,,,,,,,,,,,,,,,,,Publisher: Wiley,,,,,,"Mac Nally, Ralph",,,,,,,,,,,,,,,,,,,,,,,,,,,,,,,,,,,,,,,,,,,,,
LBRZR2H8,journalArticle,2014,"Stevens, Richard D.; Tello, J. Sebastián","Stevens & Tello, 2014",On the measurement of dimensionality of biodiversity,yes,Global Ecology and Biogeography,,1466-8238,10.1111/geb.12192,http://dx.doi.org/10.1111/geb.12192,,2014-05,15/01/2025 21:53,15/01/2025 21:53,,1115–1125,,10,23,,,,,,,,,,,,,,,,,Publisher: Wiley,,,,,,,,,,,,,,,,,,,,,,,,,,,,,,,,,,,,,,,,,,,,,,,,,,,
HL7PP79A,journalArticle,2013,"Luck, Gary W.; Smallbone, Lisa; Threlfall, Caragh; Law, Bradley","Luck et al., 2013",Patterns in bat functional guilds across multiple urban centres in south-eastern Australia,yes,Landscape Ecology,,1572-9761,10.1007/s10980-012-9842-0,http://dx.doi.org/10.1007/s10980-012-9842-0,,2013-01,15/01/2025 21:53,15/01/2025 21:53,,455–469,,3,28,,,,,,,,,,,,,,,,,Publisher: Springer Science and Business Media LLC,,,,,,,,,,,,,,,,,,,,,,,,,,,,,,,,,,,,,,,,,,,,,,,,,,,
3DYGB789,journalArticle,2013,"Stevens, Richard D.; Tello, J. Sebastián; Gavilanez, María Mercedes","Stevens et al., 2013",Stronger Tests of Mechanisms Underlying Geographic Gradients of Biodiversity: Insights from the Dimensionality of Biodiversity,yes,PLoS ONE,,1932-6203,10.1371/journal.pone.0056853,http://dx.doi.org/10.1371/journal.pone.0056853,,2013-02,15/01/2025 21:53,15/01/2025 21:53,,e56853,,2,8,,,,,,,,,,,,,,,,,Publisher: Public Library of Science (PLoS),,,,,,"Fenton, Brock",,,,,,,,,,,,,,,,,,,,,,,,,,,,,,,,,,,,,,,,,,,,,
KVL2V5LJ,journalArticle,2012,"Hanspach, Jan; Fischer, Joern; Ikin, Karen; Stott, Jenny; Law, Bradley S.","Hanspach et al., 2012",Using trait‐based filtering as a predictive framework for conservation: a case study of bats on farms in southeastern Australia,yes,Journal of Applied Ecology,,1365-2664,10.1111/j.1365-2664.2012.02159.x,http://dx.doi.org/10.1111/j.1365-2664.2012.02159.x,,2012-06,15/01/2025 21:53,15/01/2025 21:53,,842–850,,4,49,,,,,,,,,,,,,,,,,Publisher: Wiley,,,,,,,,,,,,,,,,,,,,,,,,,,,,,,,,,,,,,,,,,,,,,,,,,,,
U76Z3UI5,journalArticle,2004,"Stevens, Richard D.; Willig, Michael R.; de Fox, Isabel Gamarra","Stevens et al., 2004","COMPARATIVE COMMUNITY ECOLOGY OF BATS FROM EASTERN PARAGUAY: TAXONOMIC, ECOLOGICAL, AND BIOGEOGRAPHIC PERSPECTIVES",yes,Journal of Mammalogy,,1545-1542,10.1644/bwg-128,http://dx.doi.org/10.1644/BWG-128,,2004-08,15/01/2025 21:53,15/01/2025 21:53,,698–707,,4,85,,,,,,,,,,,,,,,,,Publisher: Oxford University Press (OUP),,,,,,,,,,,,,,,,,,,,,,,,,,,,,,,,,,,,,,,,,,,,,,,,,,,
59GQENJU,journalArticle,2009,"Fukui, D; Okazaki, K; Maeda, K","Fukui et al., 2009","Diet of three sympatric insectivorous bat species on Ishigaki Island, Japan",yes,Endangered Species Research,,1613-4796,10.3354/esr00156,http://dx.doi.org/10.3354/esr00156,,2009-07,15/01/2025 21:53,15/01/2025 21:53,,117–128,,,8,,,,,,,,,,,,,,,,,Publisher: Inter-Research Science Center,,,,,,,,,,,,,,,,,,,,,,,,,,,,,,,,,,,,,,,,,,,,,,,,,,,
6ZZIVER7,journalArticle,2017,"Sánchez, Francisco","Sánchez et al., 2017","Murciélagos de Villavicencio (Meta, Colombia): evaluación preliminar de su diversidad trófica y servicios ecosistémicos",yes,Boletín Científico Centro de Museos Museo de Historia Natural,,0123-3068,10.17151/bccm.2017.21.1.8,http://dx.doi.org/10.17151/bccm.2017.21.1.8,,2017-01,15/01/2025 21:53,15/01/2025 21:53,,96–111,,1,21,,,,,,,,,,,,,,,,,Publisher: Universidad de Caldas,,,,,,,,,,,,,,,,,,,,,,,,,,,,,,,,,,,,,,,,,,,,,,,,,,,
7P3JLR8N,journalArticle,2017,"Ramírez Lucho, Ismari; Coates, Rosamond; González-Christen, Alvar","Ramírez Lucho et al., 2017","The understory bat community in a fragmented landscape in the lowlands of the Los Tuxtlas, Veracruz, Mexico",yes,Therya,,2007-3364,10.12933/therya-17-463,http://dx.doi.org/10.12933/therya-17-463,,2017-05,15/01/2025 21:53,15/01/2025 21:53,,99–107,,2,8,,,,,,,,,,,,,,,,,Publisher: Asociacion Mexicana de Mastozoologia,,,,,,,,,,,,,,,,,,,,,,,,,,,,,,,,,,,,,,,,,,,,,,,,,,,
QNSCSD3X,journalArticle,2020,"Carrasco-Rueda, Farah; Loiselle, Bette A.","Carrasco-Rueda & Loiselle, 2020",Dimensions of Phyllostomid Bat Diversity and Assemblage Composition in a Tropical Forest-Agricultural Landscape,yes,Diversity,,1424-2818,10.3390/d12060238,http://dx.doi.org/10.3390/D12060238,,2020-06,15/01/2025 21:53,15/01/2025 21:53,,238,,6,12,,,,,,,,,,,,,,,,,Publisher: MDPI AG,,,,,,,,,,,,,,,,,,,,,,,,,,,,,,,,,,,,,,,,,,,,,,,,,,,
XI4AWYBS,journalArticle,2019,"Pereira, Alan D.; de Lima, Isaac P.; dos Reis, Nelio R.","Pereira et al., 2019","CHANGES IN BAT DIVERSITY IN AGROSYSTEMS IN THE ATLANTIC RAIN FOREST, BRAZIL",yes,Mastozoología Neotropical,,1666-0536,10.31687/saremmn.19.26.1.0.09,http://dx.doi.org/10.31687/saremMN.19.26.1.0.09,,2019-07,15/01/2025 21:53,15/01/2025 21:53,,155–166,,1,26,,,,,,,,,,,,,,,,,Publisher: Sociedad Argentina para el Estudio de los Mamiferos,,,,,,,,,,,,,,,,,,,,,,,,,,,,,,,,,,,,,,,,,,,,,,,,,,,
TH7AMAGD,journalArticle,2018,"Coelho, Eduardo De Rodrigues; Paglia, Adriano Pereira; Viana-Junior, Arleu Barbosa; Falcão, Luiz A. Dolabela; Ferreira, Guilherme B.","Coelho et al., 2018","Species Richness, Abundance and Functional Diversity of a Bat Community along an Elevational Gradient in the Espinhaço Mountain Range, Southeastern Brazil",yes,Acta Chiropterologica,,1508-1109,10.3161/15081109acc2018.20.1.009,http://dx.doi.org/10.3161/15081109ACC2018.20.1.009,,2018-06,15/01/2025 21:53,15/01/2025 21:53,,129,,1,20,,,,,,,,,,,,,,,,,Publisher: Museum and Institute of Zoology at the Polish Academy of Sciences,,,,,,,,,,,,,,,,,,,,,,,,,,,,,,,,,,,,,,,,,,,,,,,,,,,
XRHIZCAP,document,2024,"Geiselman, Cullen; Ember, Sarah","Geiselman & Ember, 2024",Bat Eco-Interactions — batbase.org,no,batbase.org,,,,http://www.batbase.org/,,2024,15/01/2025 21:53,29/01/2025 17:24,,,,,,,,,,,,,,,,,,,,,,,,,,,,,,,,,,,,,,,,,,,,,,,,,,,,,,,,,,,,,,,,,,,,,,,,,
