trait_type,complex_or_functional_dimension,label,times_represented,represented_in,first_represented_in,type,allowed_values_levels,units,allowed_values_min,allowed_values_max,description
Morphological,Size,Body mass,24,"Castillo-Figueroa_2021, Soria_2021, Cosentino_2023, Froidevaux_2023, Myhrvold_2015, Gonçalvez_2018, Tanalgo_2022, Herberstein_2022, Laurindo_2020, Barbaro_2019, Farneda_2018, Monadjem_2018, Pereira_2018, Presley_2018, Scheiner_2017, Briones-Salas_2017, García-Morales_2016, Charbonnier_2016, Farneda_2015, Cisneros_2014, Hanspach_2012, Carrasco-Rueda_2020, Pereira_2019, Coelho_2018",Castillo-Figueroa_2021,numeric,.na,g,NA,NA,Based on weight
Morphological,Size,biomass,1,Lucho_2017,Lucho_2017,numeric,.na,g,NA,NA,% B = Contribution of species to total Biomass
Morphological,Size,female_body_mass_g,2,"Myhrvold_2015, Wilkinson_2002",Myhrvold_2015,numeric,.na,Grams,NA,NA,Body mass of female adults.
Morphological,Size,male_body_mass_g,1,Myhrvold_2015,Myhrvold_2015,numeric,.na,Grams,NA,NA,Body mass of male adults.
Morphological,Size,no_sex_body_mass_g,1,Myhrvold_2015,Myhrvold_2015,numeric,.na,Grams,NA,NA,Body mass of unspecified adults.
Morphological,Size,original body mass,1,Herberstein_2022,Herberstein_2022,numeric,.na,NA,NA,NA,Unstandardised mass or weight value from source document
Morphological,Size,Total length,7,"Castillo-Figueroa_2021, Soria_2021, Cosentino_2023, Myhrvold_2015, Gonçalvez_2018, Reardon_2017, Lucho_2017",Castillo-Figueroa_2021,numeric,.na,mm,NA,NA,"Measurement from the tail (if any) to the head (tail + body + head). If 
there is no tail, the measurement encompasses the lower end of the body to 
the head"
Morphological,Size,no_sex_svl_cm,1,Myhrvold_2015,Myhrvold_2015,numeric,.na,Centimeters,NA,NA,Measure from tip of the snout to the opening of the cloaca or tail base for unspecified adults.
Morphological,Size,Head body length (F/M/U),1,Cosentino_2023,Cosentino_2023,numeric,.na,mm,NA,NA,The length from tip of nose to anus
Morphological,Size,male_svl_cm,1,Myhrvold_2015,Myhrvold_2015,numeric,.na,Centimeters,NA,NA,Measure from tip of the snout to the opening of the cloaca or tail base for male adults.
Morphological,Size,female_svl_cm,1,Myhrvold_2015,Myhrvold_2015,numeric,.na,Centimeters,NA,NA,Measure from tip of the snout to the opening of the cloaca or tail base for female adults.
Morphological,Size,Forearm length,20,"Castillo-Figueroa_2021, Soria_2021, Cosentino_2023, Froidevaux_2023, Gonçalvez_2018, Stevens_2018, Pereira_2018, Presley_2018, Reardon_2017, Scheiner_2017, Briones-Salas_2017, Wordley_2017, García-Morales_2016, Cisneros_2014, Stevens_2014, Stevens_2013, Hanspach_2012, Lucho_2017, Carrasco-Rueda_2020, Pereira_2019",Castillo-Figueroa_2021,numeric,.na,mm,NA,NA,"Measurement from the base of the elbow (tip of the olecranon process) to 
the distal region of the forearm where it joins the carpus"
Morphological,Size,Sexual dimorphism in size,1,Cosentino_2023,Cosentino_2023,categorical,"1= yes, 2=no",.na,.na,.na,Presence of sexual dimorphism in size
Morphological,Wings,Length of the third digit,2,"Castillo-Figueroa_2021, Froidevaux_2023",Castillo-Figueroa_2021,numeric,.na,mm,NA,NA,"In biological collections the trait is the result of the sum of the 
metacarpus and its three phalanges. The metacarpus is measured from the 
joint with the phalanx to the junction with the carpus. The phalanx is 
measured as the maximum distance between the joints. In the field, the 
trait is measured from the junction of the metacarpus with the carpus to 
the tip of the third phalanx"
Morphological,Wings,Length of the fifth digit,2,"Castillo-Figueroa_2021, Froidevaux_2023",Castillo-Figueroa_2021,numeric,.na,mm,NA,NA,"In biological collections the trait is the result of the sum of the 
metacarpus and its two phalanges. The metacarpus is measured from the joint 
with the phalanx to the junction with the carpus. The phalanx is measured 
as the maximum distance between the joints. In the field, it is measured 
from the junction of the metacarpus with the carps to the tip of the second 
phalanx"
Morphological,Wings,Wing loading,14,"Castillo-Figueroa_2021, Cosentino_2023, Froidevaux_2023, Crane_2022, Monadjem_2018, Pereira_2018, Presley_2018, Scheiner_2017, García-Morales_2016, Cisneros_2014, Hanspach_2012, Fukui_2009, Carrasco-Rueda_2020, Pereira_2019",Castillo-Figueroa_2021,numeric,.na,Newtons/m2,NA,NA,"Wing loading (Wl) is body mass in kg times acceleration of gravity (Mg) 
divided by its wing area in m2 (S); *gravity acceleration = 9.8 m/s2; Wl = 
Mg/S (N/m2)"
Morphological,Wings,total_wing_loading,1,Crane_2022,Crane_2022,numeric,.na,Nm−2,NA,NA,Body weight divided by lifting_surface_area
Morphological,Wings,relative_partial_loading,4,"Crane_2022, Farneda_2018, Wordley_2017, Farneda_2015",Crane_2022,numeric,.na,.na,NA,NA,"partial_wing_loading divided by body mass raised to the 1/3 power. Body mass, not weight should be used"
Morphological,Wings,relative_total_loading,1,Crane_2022,Crane_2022,numeric,.na,.na,NA,NA,"total_wing_loading divided by body mass raised to 1/3. Body mass, not weight should be used"
Morphological,Wings,Aspect ratio,19,"Castillo-Figueroa_2021, Cosentino_2023, Froidevaux_2023, Crane_2022, Laurindo_2020, Farneda_2018, Monadjem_2018, Pereira_2018, Presley_2018, Scheiner_2017, Wordley_2017, García-Morales_2016, Farneda_2015, Cisneros_2014, Hanspach_2012, Fukui_2009, Carrasco-Rueda_2020, Pereira_2019, Coelho_2018",Castillo-Figueroa_2021,numeric,.na,.na,NA,NA,"Aspect ratio (A) is the result of the wing span squared (m2) (B) divided by 
wing area (m2) (S); A = B2/S"
Morphological,Wings,total_aspect_ratio,1,Crane_2022,Crane_2022,numeric,.na,.na,NA,NA,"The wingspan squared, divided by lifting_surface_area"
Morphological,Wings,Tip shape index,2,"Castillo-Figueroa_2021, Fukui_2009",Castillo-Figueroa_2021,numeric,.na,.na,NA,NA,"Tip shape index (I) is the tip area ratio (Ts) divided by tip length ratio 
(Tl) minus Ts; I = Ts/(Tl-Ts)"
Morphological,Wings,Wing span,4,"Castillo-Figueroa_2021, Cosentino_2023, Crane_2022, García-Morales_2016",Castillo-Figueroa_2021,numeric,.na,mm,NA,NA,"Measurement taken from tip to tip of the extended wings held along to the 
long axis of the body"
Morphological,Wings,Wing length (F/M/U),1,Cosentino_2023,Cosentino_2023,numeric,.na,mm,NA,NA,Length of the wing
Morphological,Wings,Wing area (F/M/U),3,"Cosentino_2023, Crane_2022, García-Morales_2016",Cosentino_2023,numeric,.na,cm²,NA,NA,Area of the two wings
Morphological,Wings,lifting_surface_area,1,Crane_2022,Crane_2022,numeric,.na,cm2,NA,NA,"The total area of the patagium, uropatagium (if present), and body excluding the head"
Morphological,Wings,wing_area_rec,1,Crane_2022,Crane_2022,numeric,.na,cm2,NA,NA,The rectangular approximation of the patagium based on the wing length (measured from the edge of the body to the wing tip) multiplied by the wing width (measured from the end of the fifth digit to the tip of the fifth digit)
Morphological,Pollex,Length of the pollex without claw,1,Castillo-Figueroa_2021,Castillo-Figueroa_2021,numeric,.na,mm,NA,NA,"Measurement from the beginning of the phalanx of finger to the beginning of 
the claw"
Morphological,Pollex,Length of the pollex with claw,1,Castillo-Figueroa_2021,Castillo-Figueroa_2021,numeric,.na,mm,NA,NA,"Measurement from the beginning of the phalanx of the thumb to the tip of 
the claw"
Morphological,Hindlimbs,Length of the foot without claw,1,Castillo-Figueroa_2021,Castillo-Figueroa_2021,numeric,.na,mm,NA,NA,Measurement from the joint with the tibia to the beginning of the claws
Morphological,Hindlimbs,length of the foot with claw,3,"Castillo-Figueroa_2021, Cosentino_2023, Lucho_2017",Castillo-Figueroa_2021,numeric,.na,mm,NA,NA,Measurement from the tibia joint to the tip of the claw
Morphological,Hindlimbs,Length of the tibia,1,Castillo-Figueroa_2021,Castillo-Figueroa_2021,numeric,.na,mm,NA,NA,Measurement from the joint with the femur to the joint with the foot
Morphological,Hindlimbs,Length of calcaneus,1,Castillo-Figueroa_2021,Castillo-Figueroa_2021,numeric,.na,mm,NA,NA,Measure from the base of the calcaneus to the tip of it
Morphological,Head,Length of the ear,3,"Castillo-Figueroa_2021, Reardon_2017, Lucho_2017",Castillo-Figueroa_2021,numeric,.na,mm,NA,NA,Measure from the base of the ear to its most apical region
Morphological,Head,Length of tragus,1,Castillo-Figueroa_2021,Castillo-Figueroa_2021,numeric,.na,mm,NA,NA,Measure from the base to the tip of the structure
Morphological,Head,Length of nose leaf,1,Castillo-Figueroa_2021,Castillo-Figueroa_2021,numeric,.na,mm,NA,NA,Measurement from the base of the nasal horseshoe to the tip of the lancet
Morphological,Head,Inner nostril width ratio,1,Castillo-Figueroa_2021,Castillo-Figueroa_2021,numeric,.na,.na,NA,NA,Ratio of the cranial width to the inner nostril width
Morphological,Head,brain_mass_g,2,"Soria_2021, Herberstein_2022",Soria_2021,numeric,.na,g,NA,NA,Weight of the brain of an adult individual in grams
Morphological,Head,original brain size,1,Herberstein_2022,Herberstein_2022,numeric,.na,NA,NA,NA,Unstandardised brain size from source document
Morphological,Head,Inter = Narrowest breadth of skull,1,Reardon_2017,Reardon_2017,numeric,.na,NA,NA,NA,Definition not specified in database; Check in article for more details
Morphological,Head,greatest skull length,10,"Laurindo_2020, Stevens_2018, Murillo-García_2018, Presley_2018, Reardon_2017, Scheiner_2017, Cisneros_2014, Stevens_2014, Stevens_2013, Carrasco-Rueda_2020",Laurindo_2020,numeric,.na,NA,NA,NA,"Selected skull dimensions were the greatest length, braincase and zygomatic breadth. Because these tree variables are highly correlated (Appendix 3), we ran a principal component analysis (PCA) to summarize the three measurements in a unique variable (PC1)."
Morphological,Head,braincase breadth,9,"Laurindo_2020, Stevens_2018, Presley_2018, Reardon_2017, Scheiner_2017, Cisneros_2014, Stevens_2014, Stevens_2013, Carrasco-Rueda_2020",Laurindo_2020,numeric,.na,NA,NA,NA,"Selected skull dimensions were the greatest length, braincase and zygomatic breadth. Because these tree variables are highly correlated (Appendix 3), we ran a principal component analysis (PCA) to summarize the three measurements in a unique variable (PC1)."
Morphological,Head,zygomatic breadth,3,"Laurindo_2020, Murillo-García_2018, Reardon_2017",Laurindo_2020,numeric,.na,NA,NA,NA,"Selected skull dimensions were the greatest length, braincase and zygomatic breadth. Because these tree variables are highly correlated (Appendix 3), we ran a principal component analysis (PCA) to summarize the three measurements in a unique variable (PC1)."
Morphological,Head,Mast = Mastoid breadth,1,Reardon_2017,Reardon_2017,numeric,.na,NA,NA,NA,Definition not specified in database; Check in article for more details
Morphological,Head,condylobasal length,7,"Stevens_2018, Presley_2018, Scheiner_2017, Cisneros_2014, Stevens_2014, Stevens_2013, Carrasco-Rueda_2020",Stevens_2018,numeric,.na,NA,NA,NA,Definition not specified in database; Check in article for more details
Morphological,Head,length of maxillary toothrow,8,"Stevens_2018, Murillo-García_2018, Presley_2018, Reardon_2017, Cisneros_2014, Stevens_2014, Stevens_2013, Carrasco-Rueda_2020",Stevens_2018,numeric,.na,NA,NA,NA,Definition not specified in database; Check in article for more details
Morphological,Head,breadth of post-orbital constriction,7,"Stevens_2018, Presley_2018, Scheiner_2017, Cisneros_2014, Stevens_2014, Stevens_2013, Carrasco-Rueda_2020",Stevens_2018,numeric,.na,NA,NA,NA,Definition not specified in database; Check in article for more details
Morphological,Head,breadth across upper molars,7,"Stevens_2018, Presley_2018, Scheiner_2017, Cisneros_2014, Stevens_2014, Stevens_2013, Carrasco-Rueda_2020",Stevens_2018,numeric,.na,NA,NA,NA,Definition not specified in database; Check in article for more details
Morphological,Head,Postorbital Width (PW),1,Murillo-García_2018,Murillo-García_2018,numeric,.na,NA,NA,NA,Definition not specified in database; Check in article for more details
Morphological,Head,Posterior Skull width (PSW),1,Murillo-García_2018,Murillo-García_2018,numeric,.na,NA,NA,NA,Definition not specified in database; Check in article for more details
Morphological,Head,Palatal Width at canines (PW),2,"Murillo-García_2018, Reardon_2017",Murillo-García_2018,numeric,.na,NA,NA,NA,Definition not specified in database; Check in article for more details
Morphological,Head,Palatal Width at first molar (PW1),2,"Murillo-García_2018, Reardon_2017",Murillo-García_2018,numeric,.na,NA,NA,NA,Definition not specified in database; Check in article for more details
Morphological,Head,Total Palate Length (TPL),1,Murillo-García_2018,Murillo-García_2018,numeric,.na,NA,NA,NA,Definition not specified in database; Check in article for more details
Morphological,Head,Anterior Skull Length (ASL),1,Murillo-García_2018,Murillo-García_2018,numeric,.na,NA,NA,NA,Definition not specified in database; Check in article for more details
Morphological,Head,Post-Palatal length (PPL),1,Murillo-García_2018,Murillo-García_2018,numeric,.na,NA,NA,NA,Definition not specified in database; Check in article for more details
Morphological,Head,Dentary Depth under first molar (DD),1,Murillo-García_2018,Murillo-García_2018,numeric,.na,NA,NA,NA,Definition not specified in database; Check in article for more details
Morphological,Head,Coronoid Process Height (CPH),1,Murillo-García_2018,Murillo-García_2018,numeric,.na,NA,NA,NA,Definition not specified in database; Check in article for more details
Morphological,Head,Condyle height (CH),1,Murillo-García_2018,Murillo-García_2018,numeric,.na,NA,NA,NA,Definition not specified in database; Check in article for more details
Morphological,Head,CI = Condylo-incisive length,1,Reardon_2017,Reardon_2017,numeric,.na,NA,NA,NA,Definition not specified in database; Check in article for more details
Morphological,Head,Condyle to Canine bite point distance (CC),2,"Murillo-García_2018, Reardon_2017",Murillo-García_2018,numeric,.na,NA,NA,NA,Definition not specified in database; Check in article for more details
Morphological,Head,Condyle to first molar point distance (Cm1),1,Murillo-García_2018,Murillo-García_2018,numeric,.na,NA,NA,NA,Definition not specified in database; Check in article for more details
Morphological,Head,CM3,2,"Froidevaux_2023, Murillo-García_2018",Froidevaux_2023,numeric,.na,mm,NA,NA,Length of upper tooth row
Morphological,Head,Total Dentary Length (TDL),1,Murillo-García_2018,Murillo-García_2018,numeric,.na,NA,NA,NA,Definition not specified in database; Check in article for more details
Morphological,Head,Condyle-Coronoid Length (CCL),1,Murillo-García_2018,Murillo-García_2018,numeric,.na,NA,NA,NA,Definition not specified in database; Check in article for more details
Morphological,Head,Coronoid-Angular Length (CAL),1,Murillo-García_2018,Murillo-García_2018,numeric,.na,NA,NA,NA,Definition not specified in database; Check in article for more details
Morphological,Head,Mandibular toothrow length (MAN),3,"Murillo-García_2018, Reardon_2017, Scheiner_2017",Murillo-García_2018,numeric,.na,NA,NA,NA,Definition not specified in database; Check in article for more details
Morphological,Head,Mand = Mandibular length,1,Reardon_2017,Reardon_2017,numeric,.na,NA,NA,NA,Definition not specified in database; Check in article for more details
Morphological,Head,LCBLCCRatio,1,Froidevaux_2023,Froidevaux_2023,numeric,.na,.na,NA,NA,Ratio condylobasal length/condylocanine length
Morphological,Tail,Tail length,5,"Castillo-Figueroa_2021, Cosentino_2023, Gonçalvez_2018, Reardon_2017, Lucho_2017",Castillo-Figueroa_2021,numeric,.na,Value of the trait in millimeters (mm),NA,NA,Measurement from the insertion of the tail in the body to its distal end
Morphological,Tail,Uropatagium area,1,Castillo-Figueroa_2021,Castillo-Figueroa_2021,numeric,.na,Value of the trait in area (m2),NA,NA,Measurement of the surface area of the intrafemoral membrane
Life history,Reproductive,Litters per year,5,"Castillo-Figueroa_2021, Soria_2021, Cosentino_2023, Myhrvold_2015, Wilkinson_2002",Castillo-Figueroa_2021,numeric,.na,Mean number of litters during a year,NA,NA,Number of litters produced per year
Life history,Reproductive,Litter size,7,"Castillo-Figueroa_2021, Soria_2021, Cosentino_2023, Froidevaux_2023, Myhrvold_2015, Barbaro_2019, Charbonnier_2016",Castillo-Figueroa_2021,numeric,.na,Mean number of pups per litter,NA,NA,Number of pups produced per litter
Life history,Reproductive,Gestation duration,5,"Castillo-Figueroa_2021, Soria_2021, Cosentino_2023, Froidevaux_2023, Myhrvold_2015",Castillo-Figueroa_2021,numeric,.na,Mean days in pregnancy,NA,NA,Length of the pregnancy expressed in days
Life history,Reproductive,Active gestation length,1,Cosentino_2023,Cosentino_2023,numeric,.na,days,NA,NA,The length of active gestation
Life history,Reproductive,Lactation duration,2,"Castillo-Figueroa_2021, Cosentino_2023",Castillo-Figueroa_2021,numeric,.na,Mean days in lactation,NA,NA,Length of the lactation expressed in days
Life history,Reproductive,teat_number_n,1,Soria_2021,Soria_2021,numeric,.na,.na,NA,NA,Total number of teats present in an individual of the species
Life history,Reproductive,neonate_mass_g,3,"Soria_2021, Cosentino_2023, Myhrvold_2015",Soria_2021,numeric,.na,g,NA,NA,Weight of an individual at birth in grams
Life history,Reproductive,Neonate head-body length,2,"Cosentino_2023, Myhrvold_2015",Cosentino_2023,numeric,.na,mm,NA,NA,The head-body length of infants
Life history,Reproductive,weaning_age_d,4,"Soria_2021, Cosentino_2023, Froidevaux_2023, Myhrvold_2015",Soria_2021,numeric,.na,days,NA,NA,Age at which primary nutritional dependency on the mother ends and independent foraging begins in days
Life history,Reproductive,weaning_mass_g,3,"Soria_2021, Cosentino_2023, Myhrvold_2015",Soria_2021,numeric,.na,g,NA,NA,Weight at weaning in grams
Life history,Reproductive,Weaning head-body length,1,Cosentino_2023,Cosentino_2023,numeric,.na,mm,NA,NA,The head-body length of weanlings
Life history,Reproductive,generation_length_d,2,"Soria_2021, Tanalgo_2022",Soria_2021,numeric,.na,days,NA,NA,Average age of parents of the current cohort in days
Life history,Reproductive,Reproductive status,2,"Castillo-Figueroa_2021, Gonçalvez_2018",Castillo-Figueroa_2021,categorical,"For females the frequencies or population averages of each stage: 
Proestrus. Estrus. Metestrus. Anestrus. For males the frequencies or 
population averages of: Scrotted males Non-scrotted males",.na,.na,.na,"Reproductive stage that involves hormonal concentration (progesterone and 
estradiol peaks) and physiological changes in females (corpus luteum and 
ovarian follicle). Vaginal smears can reveal superficial nucleated cells 
(proestrus), superficial non-nucleated cells parabasal (estrus), 
intermediate cells (metestrus) and parabasal cells (anestrus) in bat 
females. Females can be considered reproductive when they presented a 
dominance in proestrus, estrus, and metestrus. By contrast, 
non-reproductive females are when the dominant stage is anestrus. This can 
be measured individually and can also be expressed in frequencies or 
population averages of each stage. For males, reproductive status can be 
determined by examining testes (scrotted or not), thus obtaining 
frequencies or population averages of each condition."
Life history,Reproductive,sex,2,"Gonçalvez_2018, Herberstein_2022",Gonçalvez_2018,categorical,"male, female",.na,.na,.na,Sex of the specimens
Life history,Reproductive,Parental cares,1,Cosentino_2023,Cosentino_2023,categorical,"1= yes, 2=no",.na,.na,.na,Presence of parental cares
Life history,Reproductive,age_first_reproduction_d,2,"Soria_2021, Cosentino_2023",Soria_2021,numeric,.na,days,NA,NA,Age at which females give birth to their first litter or their young attach to teats in days
Life history,Reproductive,interbirth_interval_d,3,"Soria_2021, Cosentino_2023, Myhrvold_2015",Soria_2021,numeric,.na,days,NA,NA,Time between reproduction events in days
Life history,Reproductive,mean birth date,2,"Barbaro_2019, Charbonnier_2016",Barbaro_2019,categorical,"may, june, july",.na,.na,.na,Months of year
Life history,Reproductive,Sperm retention,1,Cosentino_2023,Cosentino_2023,categorical,"1= yes, 2=no",.na,.na,.na,Presence of sperm retention
Life history,Reproductive,Delayed implantation,1,Cosentino_2023,Cosentino_2023,categorical,"1= yes, 2=no",.na,.na,.na,Presence of any lag in the implantation
Life history,Reproductive,Delayed embryonic development,1,Cosentino_2023,Cosentino_2023,categorical,"1= yes, 2=no",.na,.na,.na,Presence of any lag in the embryonic period
Life history,Reproductive,max_longevity_d,3,"Soria_2021, Froidevaux_2023, Myhrvold_2015",Soria_2021,numeric,.na,days,NA,NA,Maximum reported age at death for the species in days
Life history,Reproductive,longevity_y,2,"Myhrvold_2015, Wilkinson_2002",Myhrvold_2015,numeric,.na,Years,NA,NA,Age at death.
Life history,Reproductive,Life-span in the wild,1,Cosentino_2023,Cosentino_2023,numeric,.na,years,NA,NA,The length of life in the wild
Life history,Reproductive,Life-span in captivity,1,Cosentino_2023,Cosentino_2023,numeric,.na,years,NA,NA,The length of life in captivity
Life history,Reproductive,age,1,Gonçalvez_2018,Gonçalvez_2018,categorical,"adult, juvenile",.na,.na,.na,Age of the specimens
Life history,Reproductive,status,1,Gonçalvez_2018,Gonçalvez_2018,categorical,"dead, alive",.na,.na,.na,Status of individual when measured
Life history,Reproductive,Sexual maturity age,4,"Castillo-Figueroa_2021, Soria_2021, Cosentino_2023, Myhrvold_2015",Castillo-Figueroa_2021,numeric,.na,Mean number of years,NA,NA,Age at first reproductive event (adult)
Life history,Reproductive,female_maturity_d,3,"Soria_2021, Froidevaux_2023, Myhrvold_2015",Soria_2021,numeric,.na,days,NA,NA,The amount of time needed for a female to reach sexual maturity in days
Life history,Reproductive,male_maturity_d,3,"Soria_2021, Froidevaux_2023, Myhrvold_2015",Soria_2021,numeric,.na,days,NA,NA,The amount of time needed for a male to reach sexual maturity in days
Life history,Reproductive,female_svl_at_maturity_cm,1,Myhrvold_2015,Myhrvold_2015,numeric,.na,Centimeters,NA,NA,Measure from tip of the snout to the opening of the cloaca or tail base at the time of maturity for females.
Life history,Reproductive,female_body_mass_at_maturity_g,1,Myhrvold_2015,Myhrvold_2015,numeric,.na,Grams,NA,NA,Body mass at the time of maturity for females.
Life history,Reproductive,Mating systems,1,Castillo-Figueroa_2021,Castillo-Figueroa_2021,categorical,Monogamic; Polygyny; Polyandry; Promiscuty,.na,.na,.na,"All the potential combinations between bats to find mate and copulate 
during reproductive season"
Life history,Reproductive,Polygamy,1,Cosentino_2023,Cosentino_2023,categorical,"1= yes, 2=no",.na,.na,.na,Mating system of the species
Life history,Reproductive,Polyandry,1,Cosentino_2023,Cosentino_2023,categorical,"1= yes, 2=no",.na,.na,.na,Mating system of the species
Life history,Reproductive,Polygyny,1,Cosentino_2023,Cosentino_2023,categorical,"1= yes, 2=no",.na,.na,.na,Mating system of the species
Life history,Reproductive,Monogamy,1,Cosentino_2023,Cosentino_2023,categorical,"1= yes, 2=no",.na,.na,.na,Mating system of the species
Life history,Physiological,Digestive capactiy,1,Castillo-Figueroa_2021,Castillo-Figueroa_2021,numeric,.na,Food intake response,NA,NA,"Bat capacity to obtain nutrients when consumption item differ in nutrient 
quality. Food intake response is defined as the relationship (following 
power function) between volumetric food intake and nutrient concentration"
Life history,Physiological,DigestiveEfficiency,1,Froidevaux_2023,Froidevaux_2023,numeric,.na,%,NA,NA,A measure of how much of a feed or nutrient appears to be digested
Life history,Physiological,Gut size,1,Castillo-Figueroa_2021,Castillo-Figueroa_2021,numeric,.na,cm2,NA,NA,Gut area of the total gut. Mean surface area.
Life history,Physiological,Gut retention time of seeds,1,Castillo-Figueroa_2021,Castillo-Figueroa_2021,numeric,.na,minutes,NA,NA,"Time that the seeds are retained inside the gut of the bat until is 
expelled by feces. Mean number of time."
Life history,Physiological,Type of lingual papillae,1,Castillo-Figueroa_2021,Castillo-Figueroa_2021,character,"Gustative, including vallate and fungiform, or mechanical comprising basal, 
postero-median, scalelike, filiform, foliate, conical, and horny",.na,.na,.na,Shape of the papillae in tongue
Life history,Physiological,Metabolic rate,3,"Castillo-Figueroa_2021, Froidevaux_2023, Herberstein_2022",Castillo-Figueroa_2021,numeric,.na,kcal/day,NA,NA,"Energy unit per time required by an individual to maintain its basal 
physiological functions. Mean energetic expenditure"
Life history,Physiological,original metabolic rate,1,Herberstein_2022,Herberstein_2022,numeric,.na,NA,NA,NA,Unstandardised metabolic rate value from source document
Life history,Physiological,mass-specific metabolic rate,1,Herberstein_2022,Herberstein_2022,numeric,.na,NA,NA,NA,Numeric standardised metabolic rate / body mass
Life history,Physiological,BasalMetabolicRatePerc,1,Froidevaux_2023,Froidevaux_2023,numeric,.na,%,NA,NA,Basal rate of metabolism as a percentage of the value expected from the equation described in Genoud et al. (2018)
Life history,Physiological,RestingMetabolicRate,1,Froidevaux_2023,Froidevaux_2023,numeric,.na,W kg-1,NA,NA,The metabolic rate of an animal that is resting in a thermoneutral environment but not in the postabsorptive state
Life history,Physiological,HeartRateFlight,1,Froidevaux_2023,Froidevaux_2023,numeric,.na,bpm,NA,NA,"Heart rate during flight (beats per minutes, bpm)"
Life history,Physiological,HeartRateResting,1,Froidevaux_2023,Froidevaux_2023,numeric,.na,bpm,NA,NA,"Heart rate during rest (beats per minutes, bpm)"
Life history,Physiological,TotalEvaporativeWaterLossRate,1,Froidevaux_2023,Froidevaux_2023,numeric,.na,ml/h,NA,NA,The sum of cutaneous evaporative water loss and respiratory evaporative water loss
Life history,Physiological,SpeciesThermalIndex,2,"Froidevaux_2023, Barbaro_2019",Froidevaux_2023,numeric,.na,°C,NA,NA,Species thermal index: thermal preference of a species expressed as the average temperature a species experiences across its geographic range
Life history,Physiological,Body temperature,3,"Castillo-Figueroa_2021, Froidevaux_2023, Herberstein_2022",Castillo-Figueroa_2021,numeric,.na,ºC,NA,NA,"Individual capacity to survive at a specific temperature, either hot or 
cold temperatures"
Life history,Physiological,ResponseToNightlyTemperature,1,Froidevaux_2023,Froidevaux_2023,numeric,.na,.na,NA,NA,Estimated response to temperature at night calculated from generalized linear mixed model
Life history,Physiological,ResponseToNightlyPrecipitation,1,Froidevaux_2023,Froidevaux_2023,numeric,.na,.na,NA,NA,Estimated response to the amount of precipitations at night calculated from generalized linear mixed model
Life history,Physiological,ResponseToNightlyWindSpeed,1,Froidevaux_2023,Froidevaux_2023,numeric,.na,.na,NA,NA,Estimated response to wind speed at night calculated from generalized linear mixed model
Life history,Physiological,hibernation_torpor,4,"Soria_2021, Cosentino_2023, Froidevaux_2023, Wilkinson_2002",Soria_2021,categorical,"0 (no), 1 (yes)",.na,.na,.na,Individuals of the species go through hibernation or torpor
Life history,Physiological,Hibernation length,1,Cosentino_2023,Cosentino_2023,numeric,.na,days,NA,NA,Length of the hibernation period
Life history,Physiological,HeartRateTorpor,1,Froidevaux_2023,Froidevaux_2023,numeric,.na,bpm,NA,NA,"Heart rate during torpor (beats per minutes, bpm)"
Life history,Physiological,MaxTorporBoutDuration,1,Froidevaux_2023,Froidevaux_2023,numeric,.na,h,NA,NA,Maximum torpor bout duration
Life history,Physiological,MeanTorporBoutDuration,1,Froidevaux_2023,Froidevaux_2023,numeric,.na,h,NA,NA,Mean torpor bout duration
Life history,Behavioral,Migration,4,"Castillo-Figueroa_2021, Cosentino_2023, Barbaro_2019, Charbonnier_2016",Castillo-Figueroa_2021,categorical,Resident; Migratory,.na,.na,.na,Species movement according its life history
Life history,Behavioral,Sociality,1,Castillo-Figueroa_2021,Castillo-Figueroa_2021,categorical,Solitary; Society; Group; Colony; Aggregation,.na,.na,.na,Clustering of individuals
Life history,Behavioral,social_group_size_n,1,Soria_2021,Soria_2021,numeric,.na,individuals,NA,NA,Number of individuals in a group that spends most of their daily time together
Life history,Behavioral,Territoriality (F/M/U),1,Cosentino_2023,Cosentino_2023,categorical,"1= yes, 2=no",.na,.na,.na,Territoriality of the species individuals
Life history,Behavioral,Foraging strategy,7,"Castillo-Figueroa_2021, Renner_2018, Monadjem_2018, Presley_2018, Scheiner_2017, Cisneros_2014, Carrasco-Rueda_2020",Castillo-Figueroa_2021,categorical,Gleaning foragers; Aerial foragers; Trawling foragers,.na,.na,.na,Behavioral strategy that is used to obtain food
Life history,Behavioral,aerial,1,Scheiner_2017,Scheiner_2017,categorical,"1 = yes, 2 = no",.na,.na,.na,Definition not specified in database; Check in article for more details
Life history,Behavioral,Hawking,1,Cosentino_2023,Cosentino_2023,categorical,"0 = never, 1 = occasional, 2 = typical",.na,.na,.na,Hawking strategy
Life history,Behavioral,Gleaning,2,"Cosentino_2023, Scheiner_2017",Cosentino_2023,categorical,"0 = never, 1 = occasional, 2 = typical",.na,.na,.na,Gleaning strategy
Life history,Behavioral,Flycatching,1,Cosentino_2023,Cosentino_2023,categorical,"0 = never, 1 = occasional, 2 = typical",.na,.na,.na,Flycatching strategy
Life history,Behavioral,Trawling,1,Cosentino_2023,Cosentino_2023,categorical,"0 = never, 1 = occasional, 2 = typical",.na,.na,.na,Trawling strategy
Life history,Behavioral,Hovering,2,"Cosentino_2023, Scheiner_2017",Cosentino_2023,categorical,"0 = never, 1 = occasional, 2 = typical",.na,.na,.na,Hovering strategy
Life history,Behavioral,Perching,1,Cosentino_2023,Cosentino_2023,categorical,"0 = never, 1 = occasional, 2 = typical",.na,.na,.na,Perching strategy
Life history,Behavioral,other,1,Scheiner_2017,Scheiner_2017,categorical,"1 = yes, 2 = no",.na,.na,.na,Definition not specified in database; Check in article for more details
Life history,Behavioral,Activity pattern,2,"Castillo-Figueroa_2021, Soria_2021",Castillo-Figueroa_2021,numerical,.na,Number of recording events per time hour,NA,NA,"Activity period of bat species within nocturnal time. Commonly spanned from 
18:00h to 6:00h. Number of recording events per time hour"
Life history,Behavioral,Activity pattern/Dusk,1,Cosentino_2023,Cosentino_2023,categorical,"1= yes, 2=no",.na,.na,.na,Activity pattern of the species
Life history,Behavioral,Activity pattern/Night,1,Cosentino_2023,Cosentino_2023,categorical,"1= yes, 2=no",.na,.na,.na,Activity pattern of the species
Life history,Behavioral,Activity pattern/Dawn,1,Cosentino_2023,Cosentino_2023,categorical,"1= yes, 2=no",.na,.na,.na,Activity pattern of the species
Life history,Behavioral,Activity pattern/Day,1,Cosentino_2023,Cosentino_2023,categorical,"1= yes, 2=no",.na,.na,.na,Activity pattern of the species
Life history,Behavioral,SeasonalActivityPatternKurtosis,1,Froidevaux_2023,Froidevaux_2023,numeric,.na,.na,NA,NA,"Kurtosis index of the seasonal activity pattern: kurtosis is the measure of the sharpness of the peak of a frequency distribution, with positive values indicating heavy tails and negative values indicated light tails"
Life history,Behavioral,SeasonalActivityPatternSkewness,1,Froidevaux_2023,Froidevaux_2023,numeric,.na,.na,NA,NA,"Skewness index of the seasonal activity pattern: if values <-0.5: indication of a substantially skewed distribution towards the spring, if values >0.5: indication of a substantially skewed distribution towards the autumn, if values [-0.5,5]: distribution fairly symmetrical with peak around mid-summer"
Life history,Behavioral,total activity level,1,Luck_2013,Luck_2013,numeric,.na,NA,NA,NA,i.e. number of passes from all bat species including passes not identified to species level
Life history,Trophic niche,Feeding guild,23,"Castillo-Figueroa_2021, Soria_2021, Froidevaux_2023, Tanalgo_2022, Wilkinson_2002, Laurindo_2020, Stevens_2018, Farneda_2018, Monadjem_2018, Pereira_2018, Presley_2018, Briones-Salas_2017, Wordley_2017, García-Morales_2016, Farneda_2015, Cisneros_2014, Stevens_2014, Stevens_2013, Stevens_2004, Sánchez_2017, Lucho_2017, Carrasco-Rueda_2020, Coelho_2018",Castillo-Figueroa_2021,categorical,"Necterivore; Frugivore; Carnívore; Omnívore; Sanguinivore; Insectívore; 
Piscívore",.na,.na,.na,Based on the food item that is consumed mainly for a large part of bat life
Life history,Trophic niche,Insectivorous,1,Cosentino_2023,Cosentino_2023,categorical,"0 = never, 1 = occasional, 2 = typical",.na,.na,.na,Insectivorous species
Life history,Trophic niche,Frugivorous,1,Cosentino_2023,Cosentino_2023,categorical,"0 = never, 1 = occasional, 2 = typical",.na,.na,.na,Frugivorous species
Life history,Trophic niche,Nectarivorous,1,Cosentino_2023,Cosentino_2023,categorical,"0 = never, 1 = occasional, 2 = typical",.na,.na,.na,Nectarivorous species
Life history,Trophic niche,Carnivorous,1,Cosentino_2023,Cosentino_2023,categorical,"0 = never, 1 = occasional, 2 = typical",.na,.na,.na,Carnivorous species
Life history,Trophic niche,Diet specialization,7,"Castillo-Figueroa_2021, Froidevaux_2023, Barbaro_2019, Farneda_2018, Pereira_2018, Charbonnier_2016, Farneda_2015",Castillo-Figueroa_2021,numeric,.na,.na,NA,NA,"Based on the percentage of the contribution of each food item to the total 
diet the species. Levin index as well as Morisita index can estimate 
dietary specialization"
Life history,Trophic niche,FirstMainPreyItem,2,"Froidevaux_2023, Fukui_2009",Froidevaux_2023,categorical,"Lepidoptera, Coleoptera, Diptera, Trichoptera, Hymenoptera, Orthoptera, Arachnida",.na,.na,.na,"Order of the main prey item: Lepidoptera, Coleoptera, Diptera, Trichoptera, Hymenoptera, Orthoptera, Arachnida"
Life history,Trophic niche,SecondMainPreyItem,1,Froidevaux_2023,Froidevaux_2023,categorical,"Lepidoptera, Coleoptera, Diptera, Trichoptera, Hymenoptera, Orthoptera, Arachnida",.na,.na,.na,"Order of the second main prey item: Lepidoptera, Coleoptera, Diptera, Trichoptera, Hymenoptera, Orthoptera, Arachnida"
Life history,Trophic niche,ThirdMainPreyItem,1,Froidevaux_2023,Froidevaux_2023,categorical,"Lepidoptera, Coleoptera, Diptera, Trichoptera, Hymenoptera, Orthoptera, Arachnida",.na,.na,.na,"Order of the third main prey item: Lepidoptera, Coleoptera, Diptera, Trichoptera, Hymenoptera, Orthoptera, Arachnida"
Life history,Trophic niche,dphy_invertebrate,3,"Soria_2021, Scheiner_2017, Pereira_2019",Soria_2021,numeric,.na,%,NA,NA,Percentage of the diet composed of invertebrates
Life history,Trophic niche,dphy_vertebrate,2,"Soria_2021, Scheiner_2017",Soria_2021,numeric,.na,%,NA,NA,Percentage of the diet composed of vertebrates
Life history,Trophic niche,dphy_plant,2,"Soria_2021, Cosentino_2023",Soria_2021,numeric,.na,%,NA,NA,Percentage of the diet composed of plants and/or fungi
Life history,Trophic niche,det_inv,2,"Soria_2021, Cosentino_2023",Soria_2021,numeric,.na,%,NA,NA,Percentage of the diet composed of invertebrates
Life history,Trophic niche,Arachnids,1,Cosentino_2023,Cosentino_2023,categorical,"0 = never, 1 = occasional, 2 = typical",.na,.na,.na,Presence of arachnids in the diet
Life history,Trophic niche,Centipedes,1,Cosentino_2023,Cosentino_2023,categorical,"0 = never, 1 = occasional, 2 = typical",.na,.na,.na,Presence of chilopods in the diet
Life history,Trophic niche,det_vend,1,Soria_2021,Soria_2021,numeric,.na,%,NA,NA,"Percentage of the diet composed of mammals, birds"
Life history,Trophic niche,Birds,1,Cosentino_2023,Cosentino_2023,categorical,"0 = never, 1 = occasional, 2 = typical",.na,.na,.na,Presence of birds in the diet
Life history,Trophic niche,Mammals,1,Cosentino_2023,Cosentino_2023,categorical,"0 = never, 1 = occasional, 2 = typical",.na,.na,.na,Presence of mammals in the diet
Life history,Trophic niche,blood,2,"Scheiner_2017, Pereira_2019",Scheiner_2017,categorical,"1 = yes, 2 = no",.na,.na,.na,Definition not specified in database; Check in article for more details
Life history,Trophic niche,det_vect,2,"Soria_2021, Pereira_2019",Soria_2021,numeric,.na,%,NA,NA,"Percentage of the diet composed of reptiles, snakes, amphibians, salamanders"
Life history,Trophic niche,Reptiles,1,Cosentino_2023,Cosentino_2023,categorical,"0 = never, 1 = occasional, 2 = typical",.na,.na,.na,Presence of reptiles in the diet
Life history,Trophic niche,Amphibians,1,Cosentino_2023,Cosentino_2023,categorical,"0 = never, 1 = occasional, 2 = typical",.na,.na,.na,Presence of amphibians in the diet
Life history,Trophic niche,det_vfish,3,"Soria_2021, Cosentino_2023, Scheiner_2017",Soria_2021,numeric,.na,%,NA,NA,Percentage of the diet composed of fish
Life history,Trophic niche,det_vunk,1,Soria_2021,Soria_2021,numeric,.na,%,NA,NA,Percentage of the diet composed of vertebrates – general or unknown
Life history,Trophic niche,det_scav,1,Soria_2021,Soria_2021,numeric,.na,%,NA,NA,"Percentage of the diet composed of scavenge, garbage, offal, carcasses, trawlers, carrion"
Life history,Trophic niche,det_fruit,4,"Soria_2021, Cosentino_2023, Scheiner_2017, Pereira_2019",Soria_2021,numeric,.na,%,NA,NA,"Percentage of the diet composed of fruit, drupes"
Life history,Trophic niche,det_nect,4,"Soria_2021, Cosentino_2023, Scheiner_2017, Pereira_2019",Soria_2021,numeric,.na,%,NA,NA,"Percentage of the diet composed of nectar, pollen, plant exudates, gums"
Life history,Trophic niche,det_seed,2,"Soria_2021, Cosentino_2023",Soria_2021,numeric,.na,%,NA,NA,"Percentage of the diet composed of seed, maize, nuts, spores, wheat, grains"
Life history,Trophic niche,det_plantother,1,Soria_2021,Soria_2021,numeric,.na,%,NA,NA,Percentage of the diet composed of other plant elements
Life history,Trophic niche,Leaves,1,Cosentino_2023,Cosentino_2023,categorical,"0 = never, 1 = occasional, 2 = typical",.na,.na,.na,Presence of leaves in the diet
Life history,Trophic niche,Flowers,1,Cosentino_2023,Cosentino_2023,categorical,"0 = never, 1 = occasional, 2 = typical",.na,.na,.na,Presence of flowers in the diet
Life history,Trophic niche,det_diet_breadth_n,1,Soria_2021,Soria_2021,categorical,Values range from 1 dietary category to 5 dietary categories,.na,.na,.na,Number of prevalent (≥ 20%) EltonTraits dietary categories consumed
Life history,Trophic niche,DietaryNicheBreadth,1,Froidevaux_2023,Froidevaux_2023,numeric,.na,.na,NA,NA,Dietary niche breadth calculated using Levin’s standardised index: higher values indicate large niche breadth
Life history,Trophic niche,DietaryDiversity,1,Froidevaux_2023,Froidevaux_2023,numeric,.na,.na,NA,NA,Dietary diversity calculated using Shannon-Weaver diversity index: higher values indicate highly diverse diet
Life history,Trophic niche,Bite force,1,Castillo-Figueroa_2021,Castillo-Figueroa_2021,numeric,.na,Newtons,NA,NA,"Is the result of the interplay between the teeth, the masticatory muscles, 
the mandible, the maxillae, and temporomandibular joints. Bite force can be 
measured *in vivo* with an isometric Kistler force transducer or can be 
estimated with assessments of muscular and bony morphology from skulls 
using algorithms"
Life history,Trophic niche,Dental formula,1,Cosentino_2023,Cosentino_2023,character,In-nCn-nPn-nMn-n,.na,.na,.na,Dental formula of the species
Life history,Trophic niche,Number of teeth,1,Cosentino_2023,Cosentino_2023,numeric,.na,.na,NA,NA,Number of teeth of the species
Life history,Spatial niche,Foraging hábitat,11,"Castillo-Figueroa_2021, Soria_2021, Barbaro_2019, Farneda_2018, Pereira_2018, Presley_2018, Charbonnier_2016, Farneda_2015, Cisneros_2014, Luck_2013, Carrasco-Rueda_2020",Castillo-Figueroa_2021,categorical,Background space; Uncluttered space; Highly cluttered space,.na,.na,.na,"It is the space where the bat is found most of the time, especially when 
searching for food. Resource availability and conditions limit foraging 
habitat"
Life history,Spatial niche,above canopy,1,Scheiner_2017,Scheiner_2017,categorical,"1 = yes, 2 = no",.na,.na,.na,Definition not specified in database; Check in article for more details
Life history,Spatial niche,canopy,1,Scheiner_2017,Scheiner_2017,categorical,"1 = yes, 2 = no",.na,.na,.na,Definition not specified in database; Check in article for more details
Life history,Spatial niche,subcanopy,1,Scheiner_2017,Scheiner_2017,categorical,"1 = yes, 2 = no",.na,.na,.na,Definition not specified in database; Check in article for more details
Life history,Spatial niche,understory,1,Scheiner_2017,Scheiner_2017,categorical,"1 = yes, 2 = no",.na,.na,.na,Definition not specified in database; Check in article for more details
Life history,Spatial niche,Ground,1,Cosentino_2023,Cosentino_2023,categorical,"0 = never, 1 = occasional, 2 = typical",.na,.na,.na,Ground foraging
Life history,Spatial niche,Aerial,1,Cosentino_2023,Cosentino_2023,categorical,"0 = never, 1 = occasional, 2 = typical",.na,.na,.na,Aerial foraging
Life history,Spatial niche,Vegetation,1,Cosentino_2023,Cosentino_2023,categorical,"0 = never, 1 = occasional, 2 = typical",.na,.na,.na,Vegetation foraging
Life history,Spatial niche,Clutter,1,Cosentino_2023,Cosentino_2023,categorical,"0 = never, 1 = occasional, 2 = typical",.na,.na,.na,Clutter foraging habitat
Life history,Spatial niche,Clutter_Edge,1,Cosentino_2023,Cosentino_2023,categorical,"0 = never, 1 = occasional, 2 = typical",.na,.na,.na,Clutter-edge/ edge foraging habitat
Life history,Spatial niche,Open,3,"Cosentino_2023, Froidevaux_2023, Scheiner_2017",Cosentino_2023,categorical,"0 = never, 1 = occasional, 2 = typical",.na,.na,.na,Open foraging habitat
Life history,Spatial niche,freshwater,4,"Soria_2021, Cosentino_2023, Froidevaux_2023, Scheiner_2017",Soria_2021,categorical,"0 (no), 1 (yes)",.na,.na,.na,The species spends a significant amount of time in freshwater bodies
Life history,Spatial niche,marine,1,Soria_2021,Soria_2021,categorical,"0 (no), 1 (yes)",.na,.na,.na,The species spends a significant amount of time in oceans and/or seas
Life history,Spatial niche,CriticalFeedingAreasForest,1,Froidevaux_2023,Froidevaux_2023,categorical,"yes, no",.na,.na,.na,"Forest as critical feeding areas: yes, no"
Life history,Spatial niche,CriticalFeedingAreasWoodedRiparianHabitat,1,Froidevaux_2023,Froidevaux_2023,categorical,"yes, no",.na,.na,.na,"Wooded riparian habitat as critical feeding areas: yes, no"
Life history,Spatial niche,CriticalFeedingAreasWetland,1,Froidevaux_2023,Froidevaux_2023,categorical,"yes, no",.na,.na,.na,"Wetland as critical feeding areas: yes, no"
Life history,Spatial niche,CriticalFeedingAreasGrassland,1,Froidevaux_2023,Froidevaux_2023,categorical,"yes, no",.na,.na,.na,"Grassland as critical feeding areas: yes, no"
Life history,Spatial niche,CriticalFeedingAreasHedgerows,1,Froidevaux_2023,Froidevaux_2023,categorical,"yes, no",.na,.na,.na,"Hedgerows as critical feeding areas: yes, no"
Life history,Spatial niche,CriticalFeedingAreasOrchard,1,Froidevaux_2023,Froidevaux_2023,categorical,"yes, no",.na,.na,.na,"Orchard as critical feeding areas: yes, no"
Life history,Spatial niche,CriticalFeedingAreasShrubland,1,Froidevaux_2023,Froidevaux_2023,categorical,"yes, no",.na,.na,.na,"Shrubland as critical feeding areas: yes, no"
Life history,Spatial niche,CriticalFeedingAreasUrbanParKGarden,1,Froidevaux_2023,Froidevaux_2023,categorical,"yes, no",.na,.na,.na,"Urban park/garden as critical feeding areas: yes, no"
Life history,Spatial niche,Vertical stratification,2,"Castillo-Figueroa_2021, Soria_2021",Castillo-Figueroa_2021,numeric,.na,"individuals per mist-net hour
Canopy",NA,NA,"Based on the proportion of bat capture rate in ground (shrubs) and canopy 
nets (treetops). Bats can also use both strata (no preference)"
Life history,Spatial niche,terrestrial_volant,1,Soria_2021,Soria_2021,categorical,"0 (no), 1 (yes)",.na,.na,.na,The species is capable of powered flight and spends a significant amount of time flying in the air
Life history,Spatial niche,ManoeuvrabilityTurningDiameter,1,Froidevaux_2023,Froidevaux_2023,numeric,.na,m,NA,NA,"Estimated realistic turning diameter for minimum flight speed, using values for ﬂight characteristics (ﬂight speed, wing loading) and body measures (body mass, wing area)"
Life history,Spatial niche,PropFlightAtHeight,1,Froidevaux_2023,Froidevaux_2023,numeric,.na,%,NA,NA,Proportion of flights at height
Life history,Spatial niche,flight heigth,1,Briones-Salas_2017,Briones-Salas_2017,categorical,"low, medium, high",.na,.na,.na,Definition not specified in database; Check in article for more details
Life history,Spatial niche,Home range,6,"Castillo-Figueroa_2021, Soria_2021, Cosentino_2023, Froidevaux_2023, Barbaro_2019, Charbonnier_2016",Castillo-Figueroa_2021,numeric,.na,km2,NA,NA,"Area of available habitat over which an individual does its daily 
activities. There are several ways to estimate home range such as minimum 
convex polygon, minimum area probabilities, areas of kernel, etc."
Life history,Spatial niche,MaxRecordedMovement,1,Froidevaux_2023,Froidevaux_2023,numeric,.na,km,NA,NA,Maximum recorded seasonal movement (includes migration movement)
Life history,Spatial niche,mobility,1,Farneda_2015,Farneda_2015,categorical,"low, intermediate, high",.na,.na,.na,"Based on the relationship between mean and maximum recapture distances (Fig. S3), using both recapture data obtained during our study and from the radio-tracking and mark-recapture literature (see Table S1 for a complete list of references). Species were grouped into three categories of mobility: low, intermediate, and high (see Fig. S3)."
Life history,Spatial niche,dispersal_km,3,"Soria_2021, Cosentino_2023, Froidevaux_2023",Soria_2021,numeric,.na,km,NA,NA,The distance an animal travels between its place of birth to the place where it reproduces in kilometers
Life history,Spatial niche,MeanNightlyDistance,1,Froidevaux_2023,Froidevaux_2023,numeric,.na,m,NA,NA,Mean average daily distance between roost and foraging habitats
Life history,Spatial niche,MaxNightlyDistance,1,Froidevaux_2023,Froidevaux_2023,numeric,.na,m,NA,NA,Mean maximum daily distance between roost and foraging habitats
Life history,Spatial niche,density_n_km2,1,Soria_2021,Soria_2021,numeric,.na,individuals/km2,NA,NA,Number of individuals of the species per squared kilometer
Life history,Spatial niche,fossoriality,1,Soria_2021,Soria_2021,categorical,"1: fossorial and/or ground dwelling, 2: above ground dwelling",.na,.na,.na,The species is above ground dwelling or ground/fossorial dwelling
Life history,Spatial niche,upper_elevation_m,2,"Soria_2021, Froidevaux_2023",Soria_2021,numeric,.na,m,NA,NA,Upper elevation limit at which the species can be found in meters
Life history,Spatial niche,lower_elevation_m,1,Soria_2021,Soria_2021,numeric,.na,m,NA,NA,Lower elevation limit at which the species can be found in meters
Life history,Spatial niche,AltitudinalMigration,1,Froidevaux_2023,Froidevaux_2023,categorical,"yes, no, possible",.na,.na,.na,"Altitudinal migration: yes, no, possible"
Life history,Spatial niche,altitude_breadth_m,1,Soria_2021,Soria_2021,numeric,.na,m,NA,NA,Difference between the upper and lower elevation limits of a species in meters
Life history,Spatial niche,island_dwelling,1,Soria_2021,Soria_2021,categorical,"0 (no), 1 (yes)",.na,.na,.na,20% or more of the breeding range occurs on an island
Life history,Spatial niche,island_endemicity,3,"Soria_2021, Froidevaux_2023, Tanalgo_2022",Soria_2021,categorical,"Exclusively marine, Occurs on mainland, Occurs on large land bridge islands: the species occurs on islands greater than 1,000 km2 that are separated from the mainland by water no more than 110 m deep. The islands would have been part of the mainland during the last glacial maximum., Occurs on small land bridge islands: the species occurs on islands smaller than 1,000 km2 that are separated from the mainland by water no more than 110 m deep. The islands would have been part of the mainland during the last glacial maximum., Occurs only on isolated islands: the species occurs on islands separated from the mainland by water deeper than 110 m.",.na,.na,.na,Score of island endemicity obtained from species’ ranges and historical and fossil occurrence records
Life history,Spatial niche,Geopolitical.endemism,1,Tanalgo_2022,Tanalgo_2022,nominal,"Non.Endemic, Endemic",.na,.na,.na,"Using the same criteria (IUCN Red List assessments), we categorised species endemism as geopolitically endemic (e.g., country-endemic, and non-endemic) when a species occurs only in a single country or state territory, and island endemism was classified as island-restricted or predominantly mainland."
Life history,Spatial niche,dissected_by_mountains,1,Soria_2021,Soria_2021,categorical,"0 (no), 1 (yes)",.na,.na,.na,Range dissected by mountains (based on elevation gradients with slopes equal or higher than 5 degrees)
Life history,Spatial niche,glaciation,1,Soria_2021,Soria_2021,categorical,"0 (no), 1 (yes)",.na,.na,.na,"Historical exposure to glaciation, considered as more than 20% range overlap with areas glaciated in the last 21000 years Binary"
Life history,Spatial niche,biogeographical_realm,3,"Soria_2021, Tanalgo_2022, Charbonnier_2016",Soria_2021,categorical,"Afrotropical, Antarctic, Australasian, Indomalayan, Nearctic, Neotropical, Oceanian, Palearctic",.na,.na,.na,Biogeographical realms in which the species can be encountered
Life history,Spatial niche,EstExtentOccurrence,1,Froidevaux_2023,Froidevaux_2023,numeric,.na,km2,NA,NA,"Estimated extent of occurrence: area contained within the shortest continuous imaginary boundary which can be drawn to encompass all the known, inferred or projected sites of present occurrence of a taxon, excluding cases of vagrancy"
Life history,Spatial niche,GeographicRange,2,"Froidevaux_2023, Tanalgo_2022",Froidevaux_2023,numeric,.na,km2,NA,NA,Spatial area where a species is found
Life history,Spatial niche,Natural.range,1,Tanalgo_2022,Tanalgo_2022,continuous,.na,NA,NA,NA,"For all species, we estimated their present natural ranges (Peterken 1977), which is potential current natural ranges if species had never experienced strong anthropogenic pressures."
Life history,Spatial niche,habitat_breadth_n,1,Soria_2021,Soria_2021,numeric,.na,.na,9,9,Number of distinct suitable level 1 IUCN habitats
Life history,Spatial niche,Habitat,1,Geiselman_2020,Geiselman_2020,categorical,"Forest, Wetlands, Artificial Landscape, Caves and Subterranean Areas, Rocky Areas, Savanna, Desert, Shrubland, Grassland, Captivity",.na,.na,.na,The terrestrial habitat types used by this database are listed below and are the standard terms used in the IUCN Red List Habitats Authority File (Version 3.0). For more information please see IUCN Habitats Classification Scheme.
Life history,Spatial niche,SpeciesHabitatSpecializationIndex,2,"Froidevaux_2023, Barbaro_2019",Froidevaux_2023,numeric,.na,.na,NA,NA,Species habitat specialisation index: degree of specialisation of a species in its use of a habitat for foraging/commuting calculated using the coefficient of variation: higher values indicate high level of specialisation towards a given habitat.
Life history,Spatial niche,DeciduousForestAffinitySmallScale,1,Froidevaux_2023,Froidevaux_2023,numeric,.na,.na,NA,NA,Estimated response to decideous forest at 50 m radius buffer scale calculated from generalized linear mixed model
Life history,Spatial niche,ConiferousForestAffinitySmallScale,1,Froidevaux_2023,Froidevaux_2023,numeric,.na,.na,NA,NA,Estimated response to coniferous forest at 50 m radius buffer scale calculated from generalized linear mixed model
Life history,Spatial niche,DenseUrbanAreaAffinitySmallScale,1,Froidevaux_2023,Froidevaux_2023,numeric,.na,.na,NA,NA,Estimated response to dense urban area at 50 m radius buffer scale calculated from generalized linear mixed model
Life history,Spatial niche,FreshwaterAffinitySmallScale,1,Froidevaux_2023,Froidevaux_2023,numeric,.na,.na,NA,NA,Estimated response to freshwater at 50 m radius buffer scale calculated from generalized linear mixed model
Life history,Spatial niche,CroplandAffinitySmallScale,1,Froidevaux_2023,Froidevaux_2023,numeric,.na,.na,NA,NA,Estimated response to cropland at 50 m radius buffer scale calculated from generalized linear mixed model
Life history,Spatial niche,GrasslandAffinitySmallScale,1,Froidevaux_2023,Froidevaux_2023,numeric,.na,.na,NA,NA,Estimated response to grassland at 50 m radius buffer scale calculated from generalized linear mixed model
Life history,Spatial niche,DeciduousForestAffinityMediumScale,1,Froidevaux_2023,Froidevaux_2023,numeric,.na,.na,NA,NA,Estimated response to decideous forest at 500 m radius buffer scale calculated from generalized linear mixed model
Life history,Spatial niche,ConiferousForestAffinityMediumScale,1,Froidevaux_2023,Froidevaux_2023,numeric,.na,.na,NA,NA,Estimated response to coniferous at 500 m radius buffer scale calculated from generalized linear mixed model
Life history,Spatial niche,DenseUrbanAreaAffinityMediumScale,1,Froidevaux_2023,Froidevaux_2023,numeric,.na,.na,NA,NA,Estimated response to dense urban area at 500 m radius buffer scale calculated from generalized linear mixed model
Life history,Spatial niche,FreshwaterAffinityMediumScale,1,Froidevaux_2023,Froidevaux_2023,numeric,.na,.na,NA,NA,Estimated response to freshwater at 500 m radius buffer scale calculated from generalized linear mixed model
Life history,Spatial niche,CroplandAffinityMediumScale,1,Froidevaux_2023,Froidevaux_2023,numeric,.na,.na,NA,NA,Estimated response to cropland at 500 m radius buffer scale calculated from generalized linear mixed model
Life history,Spatial niche,GrasslandAffinityMediumScale,1,Froidevaux_2023,Froidevaux_2023,numeric,.na,.na,NA,NA,Estimated response to grassland at 500 m radius buffer scale calculated from generalized linear mixed model
Life history,Spatial niche,DeciduousForestAffinityLargeScale,1,Froidevaux_2023,Froidevaux_2023,numeric,.na,.na,NA,NA,Estimated response to cropland at 5000 m radius buffer scale calculated from generalized linear mixed model
Life history,Spatial niche,ConiferousForestAffinityLargeScale,1,Froidevaux_2023,Froidevaux_2023,numeric,.na,.na,NA,NA,Estimated response to grassland at 5000 m radius buffer scale calculated from generalized linear mixed model
Life history,Spatial niche,DenseUrbanAreaAffinityLargeScale,1,Froidevaux_2023,Froidevaux_2023,numeric,.na,.na,NA,NA,Estimated response to dense urban area at 5000 m radius buffer scale calculated from generalized linear mixed model
Life history,Spatial niche,FreshwaterAffinityLargeScale,1,Froidevaux_2023,Froidevaux_2023,numeric,.na,.na,NA,NA,Estimated response to freshwater at 5000 m radius buffer scale calculated from generalized linear mixed model
Life history,Spatial niche,CroplandAffinityLargeScale,1,Froidevaux_2023,Froidevaux_2023,numeric,.na,.na,NA,NA,Estimated response to cropland at 5000 m radius buffer scale calculated from generalized linear mixed model
Life history,Spatial niche,GrasslandAffinityLargeScale,1,Froidevaux_2023,Froidevaux_2023,numeric,.na,.na,NA,NA,Estimated response to grassland at 5000 m radius buffer scale calculated from generalized linear mixed model
Life history,Spatial niche,Forest,1,Tanalgo_2022,Tanalgo_2022,binomial,"Yes = 1, No = 0",.na,.na,.na,"We described species’ major habitat breadth based on IUCN Level 1 classification https://www.iucnredlist.org/resources/habitat-classification-scheme (Caves, Forests, Savanna, Desert, Urban, Artificial, and Wetlands)."
Life history,Spatial niche,Savanna,1,Tanalgo_2022,Tanalgo_2022,binomial,"Yes = 1, No = 0",.na,.na,.na,"We described species’ major habitat breadth based on IUCN Level 1 classification https://www.iucnredlist.org/resources/habitat-classification-scheme (Caves, Forests, Savanna, Desert, Urban, Artificial, and Wetlands)."
Life history,Spatial niche,Desert,1,Tanalgo_2022,Tanalgo_2022,binomial,"Yes = 1, No = 0",.na,.na,.na,"We described species’ major habitat breadth based on IUCN Level 1 classification https://www.iucnredlist.org/resources/habitat-classification-scheme (Caves, Forests, Savanna, Desert, Urban, Artificial, and Wetlands)."
Life history,Spatial niche,Urban,1,Tanalgo_2022,Tanalgo_2022,binomial,"Yes = 1, No = 0",.na,.na,.na,"We described species’ major habitat breadth based on IUCN Level 1 classification https://www.iucnredlist.org/resources/habitat-classification-scheme (Caves, Forests, Savanna, Desert, Urban, Artificial, and Wetlands)."
Life history,Spatial niche,Underground,1,Tanalgo_2022,Tanalgo_2022,binomial,"Yes = 1, No = 0",.na,.na,.na,"We described species’ major habitat breadth based on IUCN Level 1 classification https://www.iucnredlist.org/resources/habitat-classification-scheme (Caves, Forests, Savanna, Desert, Urban, Artificial, and Wetlands)."
Life history,Spatial niche,Wetlands,1,Tanalgo_2022,Tanalgo_2022,binomial,"Yes = 1, No = 0",.na,.na,.na,"We described species’ major habitat breadth based on IUCN Level 1 classification https://www.iucnredlist.org/resources/habitat-classification-scheme (Caves, Forests, Savanna, Desert, Urban, Artificial, and Wetlands)."
Life history,Spatial niche,Type of roost,5,"Castillo-Figueroa_2021, Monadjem_2018, Charbonnier_2016, Cisneros_2014, Coelho_2018",Castillo-Figueroa_2021,character,"Animal burrow or hole; Termite ant/nest; Cavity in fallen tree; Cavity in 
standing tree; Exposed on standing tree; Foliage, leaf tent; Foliage, 
unmodified foliage; Rocks, crevices, or caves; Under fallen tree; Undercut 
earth bank",.na,.na,.na,Diurnal roosts used by bats
Life history,Spatial niche,Roost type/Crevices in rocks (CRR),1,Cosentino_2023,Cosentino_2023,categorical,"1= yes, 2=no",.na,.na,.na,Roost type of the species
Life history,Spatial niche,Roost type/Crevices in trees (CRT),1,Cosentino_2023,Cosentino_2023,categorical,"1= yes, 2=no",.na,.na,.na,Roost type of the species
Life history,Spatial niche,Roost type/Caves and sinkhole (CA),2,"Cosentino_2023, Wilkinson_2002",Cosentino_2023,categorical,"1= yes, 2=no",.na,.na,.na,Roost type of the species
Life history,Spatial niche,Roost type/Foliage (FO),1,Cosentino_2023,Cosentino_2023,categorical,"1= yes, 2=no",.na,.na,.na,Roost type of the species
Life history,Spatial niche,Roost type/Human buildings (HB),1,Cosentino_2023,Cosentino_2023,categorical,"1= yes, 2=no",.na,.na,.na,Roost type of the species
Life history,Spatial niche,Roost type/Rocky outcrops (RO),1,Cosentino_2023,Cosentino_2023,categorical,"1= yes, 2=no",.na,.na,.na,Roost type of the species
Life history,Spatial niche,Roost type/Holes in the ground (HG),1,Cosentino_2023,Cosentino_2023,categorical,"1= yes, 2=no",.na,.na,.na,Roost type of the species
Life history,Spatial niche,OvergroundRoostDependence-Castle,1,Froidevaux_2023,Froidevaux_2023,categorical,"0: no dependence, 1: low dependence, 2: moderate dependence, 3: high dependence, 4: very high dependence, 5: extremely high dependence.",.na,.na,.na,"Degree of dependence on castle/fortification as overground roost: 0: no dependence, 1: low dependence, 2: moderate dependence, 3: high dependence, 4: very high dependence, 5: extremely high dependence."
Life history,Spatial niche,OvergroundRoostDependence-Church,1,Froidevaux_2023,Froidevaux_2023,categorical,"0: no dependence, 1: low dependence, 2: moderate dependence, 3: high dependence, 4: very high dependence, 5: extremely high dependence.",.na,.na,.na,"Degree of dependence on church as overground roost: 0: no dependence, 1: low dependence, 2: moderate dependence, 3: high dependence, 4: very high dependence, 5: extremely high dependence."
Life history,Spatial niche,OvergroundRoostDependence-House,1,Froidevaux_2023,Froidevaux_2023,categorical,"0: no dependence, 1: low dependence, 2: moderate dependence, 3: high dependence, 4: very high dependence, 5: extremely high dependence.",.na,.na,.na,"Degree of dependence on house/block of flats as overground roost: 0: no dependence, 1: low dependence, 2: moderate dependence, 3: high dependence, 4: very high dependence, 5: extremely high dependence."
Life history,Spatial niche,OvergroundRoostDependence-Barn,1,Froidevaux_2023,Froidevaux_2023,categorical,"0: no dependence, 1: low dependence, 2: moderate dependence, 3: high dependence, 4: very high dependence, 5: extremely high dependence.",.na,.na,.na,"Degree of dependence on barn/stable as overground roost: 0: no dependence, 1: low dependence, 2: moderate dependence, 3: high dependence, 4: very high dependence, 5: extremely high dependence."
Life history,Spatial niche,OvergroundRoostDependence-Bridge,1,Froidevaux_2023,Froidevaux_2023,categorical,"0: no dependence, 1: low dependence, 2: moderate dependence, 3: high dependence, 4: very high dependence, 5: extremely high dependence.",.na,.na,.na,"Degree of dependence on bridge as overground roost: 0: no dependence, 1: low dependence, 2: moderate dependence, 3: high dependence, 4: very high dependence, 5: extremely high dependence."
Life history,Spatial niche,OvergroundRoostDependence-Tree,1,Froidevaux_2023,Froidevaux_2023,categorical,"0: no dependence, 1: low dependence, 2: moderate dependence, 3: high dependence, 4: very high dependence, 5: extremely high dependence.",.na,.na,.na,"Degree of dependence on tree as overground roost: 0: no dependence, 1: low dependence, 2: moderate dependence, 3: high dependence, 4: very high dependence, 5: extremely high dependence."
Life history,Spatial niche,Nursery roost,2,"Cosentino_2023, Barbaro_2019",Cosentino_2023,categorical,"1= yes, 2=no",.na,.na,.na,Presence of nursery roost
Life history,Spatial niche,Nursery roost size,1,Cosentino_2023,Cosentino_2023,numeric,.na,number of individuals,NA,NA,Number of individuals in a nursery roost
Life history,Spatial niche,FirstMainHibernationRoost,1,Froidevaux_2023,Froidevaux_2023,categorical,"Thermally stable underground roosts (e.g. caves, mines, etc.), thermally unstable underground roosts (e.g. cellar, bunker, etc.), human-made roost (e.g. buildings, barns, churches, etc.), tree roost (e.g. holes, crevices, barck pockets, etc.), rock crevices",.na,.na,.na,"Main hibernation roost: thermally stable underground roosts (e.g. caves, mines, etc.), thermally unstable underground roosts (e.g. cellar, bunker, etc.), human-made roost (e.g. buildings, barns, churches, etc.), tree roost (e.g. holes, crevices, barck pockets, etc.), rock crevices"
Life history,Spatial niche,FirstMainMaternityRoost,1,Froidevaux_2023,Froidevaux_2023,categorical,"Thermally stable underground roosts (e.g. caves, mines, etc.), thermally unstable underground roosts (e.g. cellar, bunker, etc.), human-made roost (e.g. buildings, barns, churches, etc.), tree roost (e.g. holes, crevices, barck pockets, etc.), rock crevices",.na,.na,.na,"Main maternity roost: thermally stable underground roosts (e.g. caves, mines, etc.), thermally unstable underground roosts (e.g. cellar, bunker, etc.), human-made roost (e.g. buildings, barns, churches, etc.), tree roost (e.g. holes, crevices, barck pockets, etc.), rock crevices"
Life history,Spatial niche,SecondMainHibernationRoost,1,Froidevaux_2023,Froidevaux_2023,categorical,"Thermally stable underground roosts (e.g. caves, mines, etc.), thermally unstable underground roosts (e.g. cellar, bunker, etc.), human-made roost (e.g. buildings, barns, churches, etc.), tree roost (e.g. holes, crevices, barck pockets, etc.), rock crevices",.na,.na,.na,"Second main hibernation roost: thermally stable underground roosts (e.g. caves, mines, etc.), thermally unstable underground roosts (e.g. cellar, bunker, etc.), human-made roost (e.g. buildings, barns, churches, etc.), tree roost (e.g. holes, crevices, barck pockets, etc.), rock crevices"
Life history,Spatial niche,SecondMainMaternityRoost,1,Froidevaux_2023,Froidevaux_2023,categorical,"Thermally stable underground roosts (e.g. caves, mines, etc.), thermally unstable underground roosts (e.g. cellar, bunker, etc.), human-made roost (e.g. buildings, barns, churches, etc.), tree roost (e.g. holes, crevices, barck pockets, etc.), rock crevices",.na,.na,.na,"Second main maternity roost: thermally stable underground roosts (e.g. caves, mines, etc.), thermally unstable underground roosts (e.g. cellar, bunker, etc.), human-made roost (e.g. buildings, barns, churches, etc.), tree roost (e.g. holes, crevices, barck pockets, etc.), rock crevices"
Life history,Spatial niche,ThirdMainHibernationRoost,1,Froidevaux_2023,Froidevaux_2023,categorical,"Thermally stable underground roosts (e.g. caves, mines, etc.), thermally unstable underground roosts (e.g. cellar, bunker, etc.), human-made roost (e.g. buildings, barns, churches, etc.), tree roost (e.g. holes, crevices, barck pockets, etc.), rock crevices",.na,.na,.na,"Third main hibernation roost: thermally stable underground roosts (e.g. caves, mines, etc.), thermally unstable underground roosts (e.g. cellar, bunker, etc.), human-made roost (e.g. buildings, barns, churches, etc.), tree roost (e.g. holes, crevices, barck pockets, etc.), rock crevices"
Life history,Spatial niche,ThirdMainMaternityRoost,1,Froidevaux_2023,Froidevaux_2023,categorical,"Thermally stable underground roosts (e.g. caves, mines, etc.), thermally unstable underground roosts (e.g. cellar, bunker, etc.), human-made roost (e.g. buildings, barns, churches, etc.), tree roost (e.g. holes, crevices, barck pockets, etc.), rock crevices",.na,.na,.na,"Third main maternity roost: thermally stable underground roosts (e.g. caves, mines, etc.), thermally unstable underground roosts (e.g. cellar, bunker, etc.), human-made roost (e.g. buildings, barns, churches, etc.), tree roost (e.g. holes, crevices, barck pockets, etc.), rock crevices"
Life history,Spatial niche,Colony size,2,"Cosentino_2023, Wilkinson_2002",Cosentino_2023,categorical,"1 = small, 2= medium, 3 = large",.na,.na,.na,Size of the colony
Life history,Spatial niche,Mixed colony,1,Cosentino_2023,Cosentino_2023,categorical,"1= yes, 2=no",.na,.na,.na,Presence of different species in the same colony
Life history,Echolocation,Echolocation,1,Cosentino_2023,Cosentino_2023,categorical,"1= yes, 2=no",.na,.na,.na,Presence of echolocation
Life history,Echolocation,Echolocation type,4,"Cosentino_2023, Froidevaux_2023, Reardon_2017, Wordley_2017",Cosentino_2023,categorical,"1= CF (constant frequency), 2= FM (frequency modulated), 3= QCF (quasi- constant frequency)",.na,.na,.na,The type of the echolocation call
Life history,Echolocation,echolocation frequency,1,Hanspach_2012,Hanspach_2012,categorical,"low = below 38 kHz, medium = 38–48 kHz, high = above 48 kHz, linear = vertically linear calls",.na,.na,.na,Definition not specified in database; Check in article for more details
Life history,Echolocation,CallBandwidth,1,Froidevaux_2023,Froidevaux_2023,numeric,.na,kHz,NA,NA,The range of frequencies through which an echolocation call sweeps
Life history,Echolocation,Duration,2,"Castillo-Figueroa_2021, Froidevaux_2023",Castillo-Figueroa_2021,numeric,.na,ms,NA,NA,Time span of the call emitted by the bat
Life history,Echolocation,Interval,2,"Castillo-Figueroa_2021, Froidevaux_2023",Castillo-Figueroa_2021,numeric,.na,ms,NA,NA,Time between one call to another emitted by the bat
Life history,Echolocation,Frequency,5,"Castillo-Figueroa_2021, Cosentino_2023, Froidevaux_2023, Monadjem_2018, Wordley_2017",Castillo-Figueroa_2021,numeric,.na,Khz,NA,NA,"Number of pressure waves of the call emitted by the bat that pass by a 
reference point per unit time. This can include the start of the call 
(initial frequency), the end of the call (final frequency) and the maximum 
amplitude of the call (maximum frequency)"
Life history,Echolocation,End frequency (EF),2,"Cosentino_2023, Froidevaux_2023",Cosentino_2023,numeric,.na,kHz,NA,NA,End frequency of the call
Life history,Echolocation,CallMaxFrequency,1,Froidevaux_2023,Froidevaux_2023,numeric,.na,kHz,NA,NA,Maximum frequency value of the call
Life history,Echolocation,CallMidFrequency,1,Froidevaux_2023,Froidevaux_2023,numeric,.na,kHz,NA,NA,Frequency of highest energy taken at half call duration
Life history,Echolocation,CallMinFrequency,1,Froidevaux_2023,Froidevaux_2023,numeric,.na,kHz,NA,NA,Minimum frequency value of the call
Life history,Echolocation,CallSlope,1,Froidevaux_2023,Froidevaux_2023,numeric,.na,kHz/ms,NA,NA,"Total slope of the call, calculated from the difference in frequency and time from the point of highest frequency to the point of the characteristic frequency"
Life history,Echolocation,CallStartFrequency,1,Froidevaux_2023,Froidevaux_2023,numeric,.na,kHz,NA,NA,Frequency value measured at the beginning of the call
Life history,Echolocation,rateBuzz,1,Froidevaux_2023,Froidevaux_2023,numeric,.na,Number_of_buzzes/hour,NA,NA,Number of feeding buzzes per hour
Life history,Echolocation,buzzDuration,1,Froidevaux_2023,Froidevaux_2023,numeric,.na,ms,NA,NA,Duration of a feeding buzz (including pre-buzz phase)
Life history,Echolocation,buzzPeakFrequency,1,Froidevaux_2023,Froidevaux_2023,numeric,.na,kHz,NA,NA,Frequency with the greatest amount of energy in a feeding buzz call
Life history,Echolocation,Intensity,1,Castillo-Figueroa_2021,Castillo-Figueroa_2021,numeric,.na,db,NA,NA,Height of the sound pressure wave emitted by the bat
Life history,Echolocation,Harmonics,1,Castillo-Figueroa_2021,Castillo-Figueroa_2021,numeric,.na,.na,NA,NA,Wave that is a multiple of the fundamental frequency emitted by the bat
Genetic,Genetic composition,AllelicRichness,1,Froidevaux_2023,Froidevaux_2023,numeric,.na,Number of alleles,NA,NA,Average number of alleles (genetic variants) per microsatellite locus
Genetic,Genetic composition,CompleteMitochondrialGenome(bp),1,Froidevaux_2023,Froidevaux_2023,numeric,.na,base pairs,NA,NA,Number of base pairs in complete mtDNA genome
Genetic,Genetic composition,GeneticPopulationStructure,1,Froidevaux_2023,Froidevaux_2023,numeric,.na,Number of sub-populations,NA,NA,Number of genetic sub-population clusters measured according to individual ancestry based on microsatellite or SNP datasets
Genetic,Genetic composition,GenomeSize_(Gb),1,Froidevaux_2023,Froidevaux_2023,numeric,.na,Giga base pairs,NA,NA,The amount of DNA in the genome measured as number of nucleotide base pairs
Genetic,Genetic composition,Hybridization,1,Froidevaux_2023,Froidevaux_2023,categorical,"yes, no, possible",.na,.na,.na,"Hybridization: yes, no, possible"
Genetic,Genetic composition,Karyotype,1,Froidevaux_2023,Froidevaux_2023,numeric,.na,Number of chromosomes,NA,NA,Number of chromosomes
Genetic,Genetic composition,Linage,1,Froidevaux_2023,Froidevaux_2023,numeric,.na,Number of genetic lineages,NA,NA,Number of genetic lineages in the phylogenetic tree constructed with nuclear DNA or mitochondrial DNA sequences
Genetic,Genetic composition,NF,1,Froidevaux_2023,Froidevaux_2023,numeric,.na,Number of chromosomal arms,NA,NA,Number of chromosomal arms
Genetic,Genetic composition,NFa,1,Froidevaux_2023,Froidevaux_2023,numeric,.na,Number of autosomal arms,NA,NA,Number of autosomal arms
Interactions,Interactions,Type,1,Geiselman_2020,Geiselman_2020,categorical,"Visitation, Seed Dispersal, Pollination, Consumption, Roost, Host, Predation, Cohabitation, Transport",.na,.na,.na,This database only contains accounts of bats interacting with other organisms and not hypotheses that they might (e.g. a flower has chiropterophilious features). We report what is published and do not assume that every visit to a flower results in pollination or that every fruit eaten results in seed dispersal. We do assume that every object that is consumed is destroyed in the process.
Interactions,Interactions,Pest control,1,Cosentino_2023,Cosentino_2023,categorical,"1= yes, 2=no",.na,.na,.na,Presence of pest control ecosystem service
Interactions,Interactions,Seed dispersal,1,Cosentino_2023,Cosentino_2023,categorical,"1= yes, 2=no",.na,.na,.na,Presence of seed dispersal ecosystem service
Interactions,Interactions,Pollination,1,Cosentino_2023,Cosentino_2023,categorical,"1= yes, 2=no",.na,.na,.na,Presence of pollination ecosystem service
Conservation,Conservation,Conservation status,3,"Cosentino_2023, Tanalgo_2022, Charbonnier_2016",Cosentino_2023,categorical,"DD= Data Deficient, LC= Least Concern, NT= Near Threatened, VU= Vulnerable, EN= Endangered, CR= Critically Endangered, NE= Not Evaluated",.na,.na,.na,Conservation status of the species
Conservation,Conservation,Population.status,1,Tanalgo_2022,Tanalgo_2022,nominal,"Decreasing, Stable, Increasing, Unknown",.na,.na,.na,"Species current conservation status (Data Deficient, Least Concern, Near Threatened, Vulnerable, Endangered, and Critically Endangered) and population trends (e.g., Unknown, Decreasing, Stable, Increasing) were categorised using standard IUCN Red List assessments."
Conservation,Threats,Threats/Overharvesting for food (OH),2,"Cosentino_2023, Tanalgo_2022",Cosentino_2023,categorical,"1= yes, 2=no",.na,.na,.na,Threats for the species
Conservation,Threats,Threats/Deforestation (DE),2,"Cosentino_2023, Tanalgo_2022",Cosentino_2023,categorical,"1= yes, 2=no",.na,.na,.na,Threats for the species
Conservation,Threats,Threats/Persecution (P),2,"Cosentino_2023, Tanalgo_2022",Cosentino_2023,categorical,"1= yes, 2=no",.na,.na,.na,Threats for the species
Conservation,Threats,Vandalism,1,Tanalgo_2022,Tanalgo_2022,binomial,"Yes = 1, No = 0",.na,.na,.na,"Direct threats (Tdir) refer to the threats or risks that are direct to or in cave systems with immediate and perceivable impacts on populations or behaviour of species. This category includes direct human impacts (e.g., persecution, eviction, and cave closures) and the use of caves for harvesting bats, tourism, religious visits, and mining (minerals or guano)."
Conservation,Threats,Threats/Habitat loss (HL),1,Cosentino_2023,Cosentino_2023,categorical,"1= yes, 2=no",.na,.na,.na,Threats for the species
Conservation,Threats,Urbanisation,1,Tanalgo_2022,Tanalgo_2022,binomial,"Yes = 1, No = 0",.na,.na,.na,"Indirect threats (Tind) refer to the threats outside cave systems or within cave proximity, of which the impacts to populations are secondary or non-immediate but otherwise detrimental. Examples include deforestation, agriculture, and urbanisation."
Conservation,Threats,Agricultural.conversion,1,Tanalgo_2022,Tanalgo_2022,binomial,"Yes = 1, No = 0",.na,.na,.na,"Indirect threats (Tind) refer to the threats outside cave systems or within cave proximity, of which the impacts to populations are secondary or non-immediate but otherwise detrimental. Examples include deforestation, agriculture, and urbanisation."
Conservation,Threats,Threats/Dead trees removal (DTR),1,Cosentino_2023,Cosentino_2023,categorical,"1= yes, 2=no",.na,.na,.na,Threats for the species
Conservation,Threats,Threats/Roost disturbance (RD),1,Cosentino_2023,Cosentino_2023,categorical,"1= yes, 2=no",.na,.na,.na,Threats for the species
Conservation,Threats,Tourism.caving,1,Tanalgo_2022,Tanalgo_2022,binomial,"Yes = 1, No = 0",.na,.na,.na,"Direct threats (Tdir) refer to the threats or risks that are direct to or in cave systems with immediate and perceivable impacts on populations or behaviour of species. This category includes direct human impacts (e.g., persecution, eviction, and cave closures) and the use of caves for harvesting bats, tourism, religious visits, and mining (minerals or guano)."
Conservation,Threats,Guano.extraction,1,Tanalgo_2022,Tanalgo_2022,binomial,"Yes = 1, No = 0",.na,.na,.na,"Direct threats (Tdir) refer to the threats or risks that are direct to or in cave systems with immediate and perceivable impacts on populations or behaviour of species. This category includes direct human impacts (e.g., persecution, eviction, and cave closures) and the use of caves for harvesting bats, tourism, religious visits, and mining (minerals or guano)."
Conservation,Threats,Threats/Collisions (COL),2,"Cosentino_2023, Tanalgo_2022",Cosentino_2023,categorical,"1= yes, 2=no",.na,.na,.na,Threats for the species
Conservation,Threats,Threats/Chemical pollution (CP),2,"Cosentino_2023, Tanalgo_2022",Cosentino_2023,categorical,"1= yes, 2=no",.na,.na,.na,Threats for the species
Conservation,Threats,Gating,1,Tanalgo_2022,Tanalgo_2022,binomial,"Yes = 1, No = 0",.na,.na,.na,"Direct threats (Tdir) refer to the threats or risks that are direct to or in cave systems with immediate and perceivable impacts on populations or behaviour of species. This category includes direct human impacts (e.g., persecution, eviction, and cave closures) and the use of caves for harvesting bats, tourism, religious visits, and mining (minerals or guano)."
Conservation,Threats,Mining.quarrying,1,Tanalgo_2022,Tanalgo_2022,binomial,"Yes = 1, No = 0",.na,.na,.na,"Direct threats (Tdir) refer to the threats or risks that are direct to or in cave systems with immediate and perceivable impacts on populations or behaviour of species. This category includes direct human impacts (e.g., persecution, eviction, and cave closures) and the use of caves for harvesting bats, tourism, religious visits, and mining (minerals or guano)."
Conservation,Threats,Sacred.activities,1,Tanalgo_2022,Tanalgo_2022,binomial,"Yes = 1, No = 0",.na,.na,.na,"Direct threats (Tdir) refer to the threats or risks that are direct to or in cave systems with immediate and perceivable impacts on populations or behaviour of species. This category includes direct human impacts (e.g., persecution, eviction, and cave closures) and the use of caves for harvesting bats, tourism, religious visits, and mining (minerals or guano)."
Conservation,Threats,Nest.harvesting,1,Tanalgo_2022,Tanalgo_2022,binomial,"Yes = 1, No = 0",.na,.na,.na,"Direct threats (Tdir) refer to the threats or risks that are direct to or in cave systems with immediate and perceivable impacts on populations or behaviour of species. This category includes direct human impacts (e.g., persecution, eviction, and cave closures) and the use of caves for harvesting bats, tourism, religious visits, and mining (minerals or guano)."
Conservation,Threats,Scientific.research,1,Tanalgo_2022,Tanalgo_2022,binomial,"Yes = 1, No = 0",.na,.na,.na,"Direct threats (Tdir) refer to the threats or risks that are direct to or in cave systems with immediate and perceivable impacts on populations or behaviour of species. This category includes direct human impacts (e.g., persecution, eviction, and cave closures) and the use of caves for harvesting bats, tourism, religious visits, and mining (minerals or guano)."
Conservation,Threats,Invasive.species,1,Tanalgo_2022,Tanalgo_2022,binomial,"Yes = 1, No = 0",.na,.na,.na,"Lastly, Natural threats (Tnat) refer to threats that are natural in origin, though their frequency may be impacted by human activities, and that may directly or indirectly impact populations, such as diseases (e.g., White-nose syndrome) and climate-driven risks (e.g., drought, extreme cold)"
Conservation,Threats,Fires,1,Tanalgo_2022,Tanalgo_2022,binomial,"Yes = 1, No = 0",.na,.na,.na,"Lastly, Natural threats (Tnat) refer to threats that are natural in origin, though their frequency may be impacted by human activities, and that may directly or indirectly impact populations, such as diseases (e.g., White-nose syndrome) and climate-driven risks (e.g., drought, extreme cold)"
Conservation,Threats,Drought,1,Tanalgo_2022,Tanalgo_2022,binomial,"Yes = 1, No = 0",.na,.na,.na,"Lastly, Natural threats (Tnat) refer to threats that are natural in origin, though their frequency may be impacted by human activities, and that may directly or indirectly impact populations, such as diseases (e.g., White-nose syndrome) and climate-driven risks (e.g., drought, extreme cold)"
Conservation,Threats,Extreme.cold,1,Tanalgo_2022,Tanalgo_2022,binomial,"Yes = 1, No = 0",.na,.na,.na,"Lastly, Natural threats (Tnat) refer to threats that are natural in origin, though their frequency may be impacted by human activities, and that may directly or indirectly impact populations, such as diseases (e.g., White-nose syndrome) and climate-driven risks (e.g., drought, extreme cold)"
Conservation,Threats,Storm,1,Tanalgo_2022,Tanalgo_2022,binomial,"Yes = 1, No = 0",.na,.na,.na,"Lastly, Natural threats (Tnat) refer to threats that are natural in origin, though their frequency may be impacted by human activities, and that may directly or indirectly impact populations, such as diseases (e.g., White-nose syndrome) and climate-driven risks (e.g., drought, extreme cold)"
Interactions,Pathogens,Endoparasites,2,"Froidevaux_2023, Tanalgo_2022",Froidevaux_2023,character,Numeric or not specified in database; Check in article for more details,.na,.na,.na,Endoparasites identified in the species
Interactions,Pathogens,Fungi,1,Froidevaux_2023,Froidevaux_2023,character,Numeric or not specified in database; Check in article for more details,.na,.na,.na,Fungal pathogens identified in the species
Interactions,Pathogens,Viruses,1,Froidevaux_2023,Froidevaux_2023,character,Numeric or not specified in database; Check in article for more details,.na,.na,.na,Viruses identified in the species
