Title,includes_bats_in_title,includes_traits_in_title,to_keep,includes_trait_info,directly_available,fully_included_in_another_source,pub_type,Year,Source,Publisher,Type,DOI,ISSN,Volume,Issue,phase
A dataset on African bats' functional traits,yes,yes,yes,yes,yes,no,database,2023,Scientific Data,nature.com,HTML,10.1038/s41597-023-02472-w,NA,NA,NA,first_phase
Trait-dependent tolerance of bats to urbanization: a global meta-analysis,yes,yes,yes,yes,yes,no,review,2018,Proceedings of the Royal Society ‚Ä¶,royalsocietypublishing.org,NA,10.1098/rspb.2018.1222,NA,NA,NA,first_phase
Urban affinity and its associated traits: A global analysis of bats,yes,yes,yes,yes,yes,no,article,2022,Global Change ‚Ä¶,Wiley Online Library,NA,10.1111/gcb.16320,NA,NA,NA,first_phase
"Bat functional traits associated with environmental, landscape, and conservation variables in Neotropical dry forests",yes,yes,no,yes,yes,no,article,2023,Frontiers in Forests ‚Ä¶,frontiersin.org,HTML,10.3389/ffgc.2023.1082427,NA,NA,NA,first_phase
Global patterns of functional trait variation along aridity gradients in bats,yes,yes,yes,yes,yes,no,article,2021,Global Ecology and ‚Ä¶,Wiley Online Library,NA,10.1111/geb.13278,NA,NA,NA,first_phase
Why bats matters: a critical assessment of bat-mediated ecological processes in the Neotropics,yes,no,yes,yes,no,no,review,2020,european Journal of ecology,journals.ku.edu,NA,10.17161/eurojecol.v6i1.13824 ,NA,NA,NA,first_phase
"Spatial and land‚Äêuse determinants of bat species richness, functional diversity, and site uniqueness throughout the largest Tropical country, Brazil",yes,no,no,,,,,2022,Mammal Review,Wiley Online Library,NA,10.1111/mam.12279,NA,NA,NA,first_phase
"African bat database: curated data of occurrences, distributions and conservation metrics for sub-Saharan bats",yes,no,yes,yes,yes,no,database,2024,Scientific Data,nature.com,HTML,10.1038/s41597-024-04170-7,NA,NA,NA,first_phase
"Skin and fur bacterial diversity and community structure on American southwestern bats: effects of habitat, geography and bat traits",yes,yes,no,,,,,2017,PeerJ,peerj.com,HTML,NA,NA,NA,NA,first_phase
A meta-analysis exploring associations between habitat degradation and Neotropical bat virus prevalence and seroprevalence,yes,no,yes,yes,yes,no,review,2023,Ecography,Wiley Online Library,NA,10.1111/ecog.07041,NA,NA,NA,first_phase
Drivers of bat roles in Neotropical seed dispersal networks: abundance is more important than functional traits,yes,yes,yes,yes,yes,no,review,2020,Oecologia,Springer,NA,10.1007/s00442-020-04662-4,NA,NA,NA,first_phase
On the development of a trait-based approach for studying Neotropical bats,yes,yes,yes,no,yes,,review,2021,Pap√©is Avulsos de Zoologia,SciELO Brasil,HTML,NA,NA,NA,NA,first_phase
A global synthesis of survival estimates for microbats,yes,no,yes,yes,yes,no,review,2015,Biology ‚Ä¶,royalsocietypublishing.org,NA,10.1098/rsbl.2015.0371,NA,NA,NA,first_phase
Functional diversity and trait-environment relationships of bat assemblages in an Amazonian forest-savannah mosaic,yes,yes,no,,,,,2024,Biodiversity and ‚Ä¶,Springer,NA,10.1007/s10531-024-02880-3,NA,NA,NA,first_phase
Taxonomic and functional responses of bats to habitat flooding by an Amazonian mega-dam,yes,no,no,,,,,2022,Biodiversity and ‚Ä¶,Springer,NA,10.1007/s10531-022-02396-8,NA,NA,NA,first_phase
Functional diversity and trait filtering of insectivorous bats on forest islands created by an Amazonian mega dam,yes,yes,no,,,,,2023,Functional ‚Ä¶,Wiley Online Library,NA,10.1111/1365-2435.14118,NA,NA,NA,first_phase
Does seed ingestion by bats enhance germination? A new meta-analysis 15 years later,yes,no,yes,yes,yes,no,review,2019,Mammal ‚Ä¶,Wiley Online Library,NA,10.1111/mam.12153,NA,NA,NA,first_phase
"Taxonomic, functional and phylogenetic bat diversity decrease from more to less complex natural habitats in the Amazon",yes,no,no,,,,,2021,Oecologia,Springer,NA,10.1007/s00442-021-05009-3,NA,NA,NA,first_phase
Cerrado bat community assembly is determined by both present day and historical factors,yes,no,yes,yes,yes,no,review,2024,Journal of Biogeography,Wiley Online Library,NA,10.1111/jbi.14798,NA,NA,NA,first_phase
Trait‚Äêbased functional dietary analysis provides a better insight into the foraging ecology of bats,yes,yes,no,,,,,2019,Journal of Animal ‚Ä¶,Wiley Online Library,NA,10.1111/1365-2656.13055,NA,NA,NA,first_phase
Effects of pine forest management practices on bat functional traits in a subtropical region,yes,yes,no,,,,,2021,Acta ‚Ä¶,ingentaconnect.com,NA,10.3161/15081109ACC2021.23.2.012,NA,NA,NA,first_phase
Six reference-quality genomes reveal evolution of bat adaptations,yes,no,yes,yes,yes,no,article,2020,Nature,nature.com,HTML,10.1038/s41586-020-2486-3,NA,NA,NA,first_phase
Drivers of European bat population change: a review reveals evidence gaps,yes,no,yes,yes,yes,no,review,2021,Mammal ‚Ä¶,Wiley Online Library,NA,10.1111/mam.12239,NA,NA,NA,first_phase
BATScan: A radar classification tool reveals large-scale bat migration patterns,yes,no,no,yes,yes,,article,2023,Methods in Ecology and ‚Ä¶,Wiley Online Library,NA,10.1111/2041-210X.14125,NA,NA,NA,first_phase
Trait‚Äêrelated responses to habitat fragmentation in Amazonian bats,yes,yes,no,,,,,2015,Journal of Applied ‚Ä¶,Wiley Online Library,NA,10.1111/1365-2664.12490,NA,NA,NA,first_phase
Functional diversity and trait filtering of insectivorous bats relate to forest biogeography and fragmentation in South Africa,yes,yes,no,,,,,2021,Journal of ‚Ä¶,Wiley Online Library,NA,10.1111/jbi.14069,NA,NA,NA,first_phase
Trait-mediated filtering predicts phyllostomid bat responses to habitat disturbance in the Orinoco Llanos,yes,yes,no,,,,,2024,Biodiversity and ‚Ä¶,Springer,NA,10.1007/s10531-024-02792-2,NA,NA,NA,first_phase
Design and applicability of DNA arrays and DNA barcodes in biodiversity monitoring,no,no,yes,yes,yes,no,article,2007,BMC biology,Springer,HTML,10.1186/1741-7007-5-24,NA,NA,NA,first_phase
The influence of bat ecology on viral diversity and reservoir status,yes,no,yes,yes,yes,no,review,2020,Ecology and Evolution,Wiley Online Library,NA,10.1002/ece3.6315,NA,NA,NA,first_phase
Bats in a changing landscape: Linking occupancy and traits of a diverse montane bat community to fire regime,yes,yes,no,,,,,2019,Ecology and ‚Ä¶,Wiley Online Library,NA,10.1002/ece3.5121,NA,NA,NA,first_phase
Bats in the Ghats: Agricultural intensification reduces functional diversity and increases trait filtering in a biodiversity hotspot in India,yes,yes,no,,,,,2017,Biological ‚Ä¶,Elsevier,HTML,NA,NA,NA,NA,first_phase
Non-auditory Defences of Prey Against Bat Predation,yes,no,no,,,,,2016,Predator‚ÄìPrey Interactions ‚Ä¶,Springer,NA,10.1007/978-3-319-32492-0_3,NA,NA,NA,first_phase
Predator-prey traits and foraging habitat shape the diet of a common insectivorous bat,yes,yes,no,,,,,2023,Acta Oecologica,Elsevier,HTML,NA,NA,NA,NA,first_phase
The role of forest structure and composition in driving the distribution of bats in Mediterranean regions,yes,no,yes,yes,yes,no,article,2022,Scientific Reports,nature.com,HTML,10.1038/s41598-022-07229-w,NA,NA,NA,first_phase
The evolution of anti-bat sensory illusions in moths,yes,no,no,,,,,2018,Science ‚Ä¶,science.org,NA,10.1126/sciadv.aar7428,NA,NA,NA,first_phase
Seasonally dry tropical forests: new insights for their knowledge and conservation,no,no,no,,,,,2024,Frontiers in Forests ‚Ä¶,frontiersin.org,HTML,10.3389/ffgc.2023.1350375,NA,NA,NA,first_phase
Twenty years of bat monitoring at the London Wetland Centre: showing the biodiversity value of a man-made urban reserve,yes,no,no,,,,,2017,The London ‚Ä¶,researchgate.net,PDF,NA,NA,NA,NA,first_phase
Functional traits of bats associated with the use of wetlands in Colombian tropical dry forests,yes,yes,no,,,,,2020,Acta ‚Ä¶,ingentaconnect.com,NA,10.3161/15081109ACC2020.22.2.005,NA,NA,NA,first_phase
Learning to Hunt on the Go: Dietary Changes During Development of Rhinolophid Bats,yes,no,no,,,,,2024,Animals: an Open ‚Ä¶,pmc.ncbi.nlm.nih.gov,HTML,NA,NA,NA,NA,first_phase
Evolutionary escalation: the bat-moth arms race,yes,no,yes,no,no,,review,2016,Journal of Experimental ‚Ä¶,journals.biologists.com,NA,NA,NA,NA,NA,first_phase
Contrasting multi-taxa functional diversity patterns along vegetation structure gradients of woody pastures,no,no,no,,,,,2020,Biodiversity and ‚Ä¶,Springer,HTML,10.1007/s10531-020-02037-y,NA,NA,NA,first_phase
Vulnerability of bat-plant pollination interactions due to environmental change,yes,no,yes,yes,yes,no,review,2021,Global Change ‚Ä¶,Wiley Online Library,NA,10.1111/gcb.15611,NA,NA,NA,first_phase
Consumption of endemic arbovirus mosquito vectors by bats in the southeastern United States,yes,no,no,,,,,2022,Journal of Vector ‚Ä¶,BioOne,NA,10.52707/1081-1710-47.2.153.short,NA,NA,NA,first_phase
The interplay between spatiotemporal overlap and morphology as determinants of microstructure suggests no 'perfect fit'in a bat-flower network,yes,no,no,,,,,2023,Scientific Reports,nature.com,HTML,NA,NA,NA,NA,first_phase
The trans-boundary importance of artificial bat hibernacula in managed European forests,yes,no,no,,,,,2014,Biodiversity and ‚Ä¶,Springer,NA,10.1007/s10531-014-0620-y,NA,NA,NA,first_phase
Interacting elevational and latitudinal gradients determine bat diversity and distribution across the Neotropics,yes,no,yes,yes,yes,yes,review,2021,Journal of Animal ‚Ä¶,Wiley Online Library,NA,10.1111/1365-2656.13594,NA,NA,NA,first_phase
Do gastrointestinal microbiomes play a role in bats' unique viral hosting capacity?,yes,no,yes,yes,no,no,review,2022,Trends in ‚Ä¶,cell.com,NA,10.1016/j.tim.2021.12.009 ,NA,NA,NA,first_phase
Gene losses in the common vampire bat illuminate molecular adaptations to blood feeding,yes,no,no,,,,,2022,Science ‚Ä¶,science.org,NA,10.1126/sciadv.abm6494,NA,NA,NA,first_phase
Multilayer networks assisting to untangle direct and indirect pathogen transmission in bats,yes,no,no,,,,,2023,Microbial Ecology,Springer,NA,10.1007/s00248-022-02108-3,NA,NA,NA,first_phase
Phyllostomid bat microbiome composition is associated to host phylogeny and feeding strategies,yes,no,no,,,,,2015,Frontiers in ‚Ä¶,frontiersin.org,HTML,10.3389/fmicb.2015.00447,NA,NA,NA,first_phase
Habitat suitability mapping using logistic regression analysis of long-term bioacoustic bat survey dataset in the Cassadaga Creek watershed (USA),yes,no,no,,,,,2023,Science of the Total Environment,Elsevier,HTML,NA,NA,NA,NA,first_phase
"Phylogeny, traits, and biodiversity of a Neotropical bat assemblage: close relatives show similar responses to local deforestation",yes,yes,no,,,,,2017,The American ‚Ä¶,journals.uchicago.edu,NA,10.1086/692534,NA,NA,NA,first_phase
Bat genomics,yes,no,no,,,,,2015,Bats and Viruses: A New Frontier of ‚Ä¶,Wiley Online Library,NA,10.1002/9781118818824.ch13,NA,NA,NA,first_phase
Estimating habitat loss due to wind turbine avoidance by bats: Implications for European siting guidance,yes,no,no,,,,,2018,Biological Conservation,Elsevier,HTML,NA,NA,NA,NA,first_phase
Evolutionary history and precipitation seasonality shape niche overlap in Neotropical bat-plant pollination networks,yes,no,yes,yes,yes,no,review,2023,Biotropica,Wiley Online Library,NA,10.1111/btp.13181,NA,NA,NA,first_phase
Functional diversity of phyllostomid bats in an urban‚Äìrural landscape: A scale‚Äêdependent analysis,yes,no,no,,,,,2020,Biotropica,Wiley Online Library,NA,10.1111/btp.12816,NA,NA,NA,first_phase
"Host phylogeny, geographic overlap, and roost sharing shape parasite communities in European bats",yes,no,no,,,,,2019,Frontiers in Ecology ‚Ä¶,frontiersin.org,HTML,10.3389/fevo.2019.00069,NA,NA,NA,first_phase
An integrative approach to understanding diversity patterns and assemblage rules in Neotropical bats,yes,no,yes,yes,yes,no,article,2023,Scientific Reports,nature.com,HTML,10.1038/s41598-023-35100-z ,NA,NA,NA,first_phase
The relative effects of local and landscape characteristics of hedgerows on bats,yes,no,no,,,,,2018,Diversity,mdpi.com,HTML,NA,NA,NA,NA,first_phase
"Factors affecting Grey‚Äêheaded Flying‚Äêfox (Pteropus poliocephalus: Pteropodidae) foraging in the Melbourne metropolitan area, Australia",no,no,no,,,,,2005,Austral ‚Ä¶,Wiley Online Library,NA,10.1111/j.1442-9993.2005.01492.x,NA,NA,NA,first_phase
Aerial Warfare: Have Bats and Moths Co-evolved?,yes,no,no,,,,,2016,Predator‚ÄìPrey Interactions ‚Ä¶,Springer,NA,10.1007/978-3-319-32492-0_5,NA,NA,NA,first_phase
Sensory adaptations reshaped intrinsic factors underlying morphological diversification in bats,yes,no,yes,yes,yes,no,article,2021,BMC biology,Springer,NA,10.1186/s12915-021-01022-3,NA,NA,NA,first_phase
Spatiotemporal distribution of a non-haematophagous bat community and rabies virus circulation: a proposal for urban rabies surveillance in Brazil,yes,no,no,,,,,2019,Epidemiology & ‚Ä¶,cambridge.org,NA,NA,NA,NA,NA,first_phase
Evolutionary Escalation: The Bat‚ÄìMoth Arms Race,yes,no,no,,,,,2016,The Journal of Experimental Biology,digitalcommons.dartmouth.edu,NA,NA,NA,NA,NA,first_phase
"Bats of Nepal, A field guide",yes,no,no,,,,,2012,Small Mammals ‚Ä¶,researchportal.helsinki.fi,PDF,NA,NA,NA,NA,first_phase
Echolocation and stratum preference: key trait correlates of vulnerability of insectivorous bats to tropical forest fragmentation,yes,yes,no,,,,,2019,Frontiers in Ecology ‚Ä¶,frontiersin.org,HTML,10.3389/fevo.2019.00373,NA,NA,NA,first_phase
Using host traits to predict reservoir host species of rabies virus,no,yes,yes,yes,yes,yes,review,2020,PLoS neglected ‚Ä¶,journals.plos.org,HTML,10.1371/journal.pntd.0008940,NA,NA,NA,first_phase
Do activity patterns and the degree of foraging specialization enable niche partitioning in nectarivorous bats?,yes,no,no,,,,,2019,Acta ‚Ä¶,ingentaconnect.com,NA,10.3161/15081109ACC2019.21.1.011,NA,NA,NA,first_phase
Automating microsatellite screening and primer design from multi-individual libraries using Micro-Primers,no,no,no,,,,,2022,Scientific Reports,nature.com,HTML,NA,NA,NA,NA,first_phase
Annual precipitation predicts the phylogenetic signal in bat-fruit interaction networks across the Neotropics,yes,no,yes,yes,yes,no,review,2021,Biology ‚Ä¶,royalsocietypublishing.org,NA,10.1098/rsbl.2021.0478,NA,NA,NA,first_phase
"Body size affects immune cell proportions in birds and non-volant mammals, but not bats",yes,no,no,,,,,2021,Journal of ‚Ä¶,journals.biologists.com,NA,10.1242/jeb.241109/2079153/jeb241109,NA,NA,NA,first_phase
A Semantic Web-Based Approach for Bat Trajectory Reconstruction With Human Keypoint Information,yes,no,no,,,,,2024,International Journal on Semantic Web ‚Ä¶,igi-global.com,NA,NA,NA,NA,NA,first_phase
Is part‚Äênight lighting an effective measure to limit the impacts of artificial lighting on bats?,yes,no,no,,,,,2015,Global Change ‚Ä¶,Wiley Online Library,NA,10.1111/gcb.13036,NA,NA,NA,first_phase
Atmospheric humidity affects global variation of bat echolocation via indirect effects,yes,no,yes,yes,yes,no,review,2022,Frontiers in Ecology ‚Ä¶,frontiersin.org,HTML,10.3389/fevo.2022.934876,NA,NA,NA,first_phase
"Extent, configuration and diversity of burned and forested areas predict bat richness in a fire-maintained forest",yes,no,no,,,,,2021,Landscape ‚Ä¶,Springer,HTML,10.1007/s10980-021-01204-y,NA,NA,NA,first_phase
"Environment, host, and fungal traits predict continental-scale white-nose syndrome in bats",yes,yes,no,,,,,2016,Science ‚Ä¶,science.org,NA,10.1126/sciadv.1500831,NA,NA,NA,first_phase
"Computational analysis of SARS-CoV-2 and SARS-like coronavirus diversity in human, bat and pangolin populations",yes,no,no,,,,,2020,Viruses,mdpi.com,HTML,NA,NA,NA,NA,first_phase
Terrestrial laser scanning reveals below-canopy bat trait relationships with forest structure,yes,yes,no,,,,,2017,Remote Sensing of ‚Ä¶,Elsevier,NA,NA,NA,NA,NA,first_phase
Synthesis and Future Research,no,no,no,,,,,2016,Predator‚ÄìPrey Interactions ‚Ä¶,Springer,NA,10.1007/978-3-319-32492-0_7,NA,NA,NA,first_phase
Elucidating the consequences of a warming climate for common bat species in north-western Europe,yes,no,no,,,,,2019,Acta ‚Ä¶,ingentaconnect.com,NA,10.3161/15081109ACC2019.21.2.011,NA,NA,NA,first_phase
The effects of wildfire severity and pyrodiversity on bat occupancy and diversity in fire-suppressed forests,yes,no,no,,,,,2019,Scientific Reports,nature.com,HTML,NA,NA,NA,NA,first_phase
Viral maintenance and excretion dynamics of coronaviruses within an Egyptian rousette fruit bat maternal colony: considerations for spillover,yes,no,no,,,,,2023,Scientific Reports,nature.com,HTML,NA,NA,NA,NA,first_phase
Relative importance of two bat species as pollinators of Neobuxbaumia tetetzo (Cactaceae): Evidences from morphometric and pollen load analyses,yes,no,no,,,,,2023,Ecological ‚Ä¶,Wiley Online Library,NA,10.1111/1440-1703.12384,NA,NA,NA,first_phase
Visual analysis of dimensionality reduction for exploring bat flight kinematics in a virtual environment,yes,no,no,,,,,2009,Proceedings of the ‚Ä¶,diglib.eg.org,PDF,10.2312/EGVE.JVRC09.077-084/077-084,NA,NA,NA,first_phase
Road density and forest fragmentation shape bat communities in temperate mosaic landscapes,yes,no,no,,,,,2022,Landscape and Urban ‚Ä¶,Elsevier,HTML,NA,NA,NA,NA,first_phase
Indiana bat summer maternity distribution: effects of current and future climates,yes,no,no,,,,,2013,Ecology and Evolution,Wiley Online Library,NA,10.1002/ece3.440,NA,NA,NA,first_phase
Fluctuating fortunes: genomes and habitat reconstructions reveal global climate-mediated changes in bats' genetic diversity,yes,no,no,,,,,2019,Proceedings of the ‚Ä¶,royalsocietypublishing.org,NA,10.1098/rspb.2019.0304,NA,NA,NA,first_phase
Bat sonar and wing morphology predict species vertical niche,yes,no,no,,,,,2019,The Journal of the Acoustical ‚Ä¶,pubs.aip.org,NA,NA,NA,NA,NA,first_phase
"Scale‚Äêdependent influences of environmental, historical, and spatial processes on taxonomic and functional beta diversity of Japanese bat assemblages",yes,no,yes,yes,yes,no,review,2024,Ecology and Evolution,Wiley Online Library,NA,10.1002/ece3.11277,NA,NA,NA,first_phase
Predicting biodiversity loss in island and countryside ecosystems through the lens of taxonomic and functional biogeography,no,no,no,,,,,2020,‚Ä¶,Wiley Online Library,NA,10.1111/ecog.04507,NA,NA,NA,first_phase
Name disambiguation based on graph convolutional network,no,no,no,,,,,2021,Scientific Programming,Wiley Online Library,NA,10.1155/2021/5577692,NA,NA,NA,first_phase
Integrated operational taxonomic units (IOTUs) in echolocating bats: a bridge between molecular and traditional taxonomy,yes,no,no,,,,,2012,PloS one,journals.plos.org,HTML,NA,NA,NA,NA,first_phase
BioCPPNet: automatic bioacoustic source separation with deep neural networks,no,no,no,,,,,2021,Scientific Reports,nature.com,HTML,NA,NA,NA,NA,first_phase
Ecology and conservation of insectivorous bats in fragmented areas of macadamia production in eastern Australia,yes,no,no,,,,,2017,Austral ‚Ä¶,Wiley Online Library,NA,10.1111/aec.12478,NA,NA,NA,first_phase
"A genome assembly of the Yuma myotis bat, Myotis yumanensis",yes,no,no,,,,,2024,Journal of ‚Ä¶,academic.oup.com,NA,NA,NA,NA,NA,first_phase
Chemical tradeoffs in seed dispersal: defensive metabolites in fruits deter consumption by mutualist bats,yes,no,no,,,,,2016,Oikos,Wiley Online Library,NA,10.1111/oik.02210,NA,NA,NA,first_phase
Spatial Gaussian processes improve multi‚Äêspecies occupancy models when range boundaries are uncertain and nonoverlapping,no,no,no,,,,,2021,Ecology and ‚Ä¶,Wiley Online Library,NA,10.1002/ece3.7629,NA,NA,NA,first_phase
An all-Ireland volunteer-based bat monitoring scheme: the process of volunteer recruitment and validation of results,yes,no,no,,,,,2012,Irish Naturalists' Journal,JSTOR,NA,NA,NA,NA,NA,first_phase
Response of bat species to sylvo-pastoral abandonment,yes,no,no,,,,,2011,Forest Ecology and ‚Ä¶,Elsevier,NA,NA,NA,NA,NA,first_phase
Global shifts in mammalian population trends reveal key predictors of virus spillover risk,no,no,yes,yes,yes,no,review,2020,‚Ä¶ of the Royal ‚Ä¶,royalsocietypublishing.org,NA,10.1098/rspb.2019.2736,NA,NA,NA,first_phase
Reducing conflict between the common vampire bat Desmodus rotundus and cattle ranching in Neotropical landscapes,yes,no,yes,yes,yes,no,review,2023,Mammal ‚Ä¶,Wiley Online Library,NA,10.1111/mam.12313,NA,NA,NA,first_phase
Bat auditory cortex‚Äìmodel for general mammalian auditory computation or special design solution for active time perception?,yes,no,no,,,,,2015,European Journal of ‚Ä¶,Wiley Online Library,NA,10.1111/ejn.12801,NA,NA,NA,first_phase
A mechanism for punctuating equilibria during mammalian vocal development,no,no,no,,,,,2022,PLoS computational ‚Ä¶,journals.plos.org,HTML,NA,NA,NA,NA,first_phase
Functional recovery of Amazonian bat assemblages following secondary forest succession,yes,no,no,,,,,2018,Biological ‚Ä¶,Elsevier,HTML,NA,NA,NA,NA,first_phase
Online data cleaning for out-of-core column-store databases with timestamped binary association tables,no,no,no,,,,,2015,CATA 2015,researchgate.net,PDF,NA,NA,NA,NA,first_phase
Mycobiome traits associated with disease tolerance predict many western North American bat species will be susceptible to white-nose syndrome,yes,yes,no,,,,,2021,Microbiology ‚Ä¶,Am Soc Microbiol,NA,10.1128/spectrum.00254-21,NA,NA,NA,first_phase
"Axmacher, J., &Fiedler, K.(2008). Habitat type modifies geometry of elevational diversity gradients in geometrid moths (Lepidoptera Geometridae) on Mt ‚Ä¶",no,no,no,,,,,2021,Drivers of Diversity ‚Ä¶,ttu-ir.tdl.org,PDF,NA,NA,NA,NA,first_phase
Behavioral and physiological bases for doppler shift compensation by echolocating bats,yes,no,no,,,,,2016,Bat bioacoustics,Springer,NA,10.1007/978-1-4939-3527-7_9,NA,NA,NA,first_phase
Island area and diet predict diversity and distribution of bats in a Pacific Northwest archipelago,yes,no,no,,,,,2024,Journal of Mammalogy,academic.oup.com,NA,10.1093/jmammal/gyae073,NA,NA,NA,first_phase
Changes in bat activity over 10 years in silviculturally treated wet sclerophyll forest,yes,no,no,,,,,2020,Australian Mammalogy,CSIRO Publishing,NA,NA,NA,NA,NA,first_phase
Skin fungal assemblages of bats vary based on susceptibility to white-nose syndrome,yes,no,no,,,,,2021,The ISME ‚Ä¶,academic.oup.com,NA,NA,NA,NA,NA,first_phase
Metacommunity analysis of Mexican bats: environmentally mediated structure in an area of high geographic and environmental complexity,yes,no,no,,,,,2012,Journal of ‚Ä¶,Wiley Online Library,NA,10.1111/j.1365-2699.2011.02590.x,NA,NA,NA,first_phase
A slow-fast trait continuum at the whole community level in relation to land-use intensification,no,yes,no,,,,,2024,Nature ‚Ä¶,nature.com,HTML,NA,NA,NA,NA,first_phase
Genome polarisation for detecting barriers to geneflow,no,no,no,,,,,2023,Methods in Ecology ‚Ä¶,Wiley Online Library,NA,10.1111/2041-210X.14010,NA,NA,NA,first_phase
DNA metabarcoding analyses reveal fine-scale microbiome structures on Western Canadian bat wings,yes,no,no,,,,,2024,Microbiology Spectrum,journals.asm.org,NA,10.1128/spectrum.00376-24,NA,NA,NA,first_phase
The road to functional recovery: temporal effects of matrix regeneration on Amazonian bats,yes,no,no,,,,,2018,Tropical ‚Ä¶,journals.sagepub.com,NA,10.1177/1940082918777185,NA,NA,NA,first_phase
Go big or go fish: morphological specializations in carnivorous bats,yes,no,no,yes,yes,no,article,2016,Proceedings of the Royal ‚Ä¶,royalsocietypublishing.org,NA,10.1098/rspb.2016.0615,NA,NA,NA,first_phase
Skin microbiota variation among bat species in china and their potential defense against pathogens,yes,no,no,,,,,2022,Frontiers in ‚Ä¶,frontiersin.org,HTML,10.3389/fmicb.2022.808788,NA,NA,NA,first_phase
Research priorities for the ghost bat (Macroderma gigas) in the Pilbara region of Western Australia,yes,no,no,,,,,2022,Australian ‚Ä¶,CSIRO Publishing,NA,NA,NA,NA,NA,first_phase
White-nose syndrome restructures bat skin microbiomes,yes,no,no,,,,,2023,Microbiology ‚Ä¶,Am Soc Microbiol,NA,10.1128/spectrum.02715-23,NA,NA,NA,first_phase
Assessing niche partitioning of co‚Äêoccurring sibling bat species by DNA metabarcoding,yes,no,no,,,,,2018,Molecular ‚Ä¶,Wiley Online Library,NA,10.1111/mec.14508,NA,NA,NA,first_phase
Great diversity of KSŒ± sequences from bat-associated microbiota suggests novel sources of uncharacterized natural products,yes,no,no,,,,,2022,FEMS ‚Ä¶,academic.oup.com,NA,10.1093/femsmc/xtac012/6569701,NA,NA,NA,first_phase
Ecology shapes the genomic and biosynthetic diversification of Streptomyces bacteria from insectivorous bats,yes,no,no,,,,,2024,Microbial ‚Ä¶,microbiologyresearch.org,NA,10.1099/mgen.0.001238,NA,NA,NA,first_phase
Phylogenomics resolves major relationships and reveals significant diversification rate shifts in the evolution of silk moths and relatives,no,no,no,,,,,2019,BMC evolutionary ‚Ä¶,Springer,HTML,10.1186/s12862-019-1505-1,NA,NA,NA,first_phase
Unraveling the macroevolution of horseshoe bats (Chiroptera: Rhinolophidae: Rhinolophus),yes,no,no,,,,,2023,Zoological ‚Ä¶,ncbi.nlm.nih.gov,HTML,NA,NA,NA,NA,first_phase
External bacterial diversity on bats in the southwestern United States: changes in bacterial community structure above and below ground,yes,no,no,,,,,2016,PeerJ ‚Ä¶,academia.edu,PDF,NA,NA,NA,NA,first_phase
The evolution of endothermy and its diversity in mammals and birds,no,no,no,,,,,2004,‚Ä¶ and Biochemical Zoology,journals.uchicago.edu,NA,10.1086/425188,NA,NA,NA,first_phase
An overview of bats microbiota and its implication in transmissible diseases,yes,no,yes,yes,no,no,review,2022,Frontiers in ‚Ä¶,frontiersin.org,HTML,10.3389/fmicb.2022.1012189,NA,NA,NA,first_phase
"Geographical analysis for detecting high-risk areas for bovine/human rabies transmitted by the common hematophagous bat in the Amazon region, Brazil",yes,no,yes,yes,no,no,article,2016,PLoS ‚Ä¶,journals.plos.org,HTML,10.1371/journal.pone.0157332,NA,NA,NA,first_phase
"Of bats, birds and bat-: the convergent evolution of environmental law",yes,no,no,,,,,1993,Miss. LJ,HeinOnline,NA,NA,NA,NA,NA,first_phase
"Tissue-specific and cis-regulatory changes underlie parallel, adaptive gene expression evolution in house mice",no,no,no,,,,,2024,Plos Genetics,journals.plos.org,HTML,NA,NA,NA,NA,first_phase
Characterization of the bacterial microbiome of non-hematophagous bats and associated ectoparasites from Brazil,yes,no,no,,,,,2023,Frontiers in ‚Ä¶,frontiersin.org,HTML,10.3389/fmicb.2023.1261156,NA,NA,NA,first_phase
"New Report: An Overview of Bats Bacteria And Its Implication For Tourism In KEK Mandalika, Lombok Island West Nusa Tenggara-Indonesia",yes,no,no,,,,,2024,‚Ä¶ Series: Earth and ‚Ä¶,iopscience.iop.org,HTML,10.1088/1755-1315/1425/1/012022,NA,NA,NA,first_phase
Foraging Behavior and Habitat Selection of Noack's Round-Leaf Bat (Hipposideros aff. ruber) and Conservation Implications,yes,no,no,,,,,2016,Tropical ‚Ä¶,journals.sagepub.com,NA,10.1177/1940082916680428,NA,NA,NA,first_phase
Coordinated change at the colony level in fruit bat fur microbiomes through time,yes,no,no,,,,,2019,Nature Ecology & ‚Ä¶,nature.com,NA,NA,NA,NA,NA,first_phase
"The mycobiome of bats in the American Southwest is structured by geography, bat species, and behavior",yes,no,no,,,,,2023,Microbial Ecology,Springer,NA,10.1007/s00248-023-02230-w,NA,NA,NA,first_phase
"Viral Diversity, Prey Preference, and Bartonella Prevalence in Desmodus rotundus in Guatemala",no,no,no,,,,,2016,EcoHealth,Springer,HTML,10.1007/s10393-016-1183-z,NA,NA,NA,first_phase
"Comparison of fungal and bacterial microbiomes of bats and their cave roosting environments at El Malpais National Monument, New Mexico, USA",yes,no,no,,,,,2024,Geomicrobiology ‚Ä¶,Taylor &Francis,NA,10.1080/01490451.2023.2283427,NA,NA,NA,first_phase
Notice of variation and consolidation with introductory note,no,no,no,,,,,2016,Small,assets.publishing.service.gov.uk,PDF,NA,NA,NA,NA,first_phase
The use of commercial fruits as attraction agents may increase the seed dispersal by bats to degraded areas in Southern Mexico,yes,no,no,,,,,2015,Tropical ‚Ä¶,journals.sagepub.com,NA,10.1177/194008291500800203,NA,NA,NA,first_phase
Microbial isolates with Anti-Pseudogymnoascus destructans activities from Western Canadian bat wings,yes,no,no,,,,,2022,Scientific Reports,nature.com,HTML,NA,NA,NA,NA,first_phase
Nonshivering thermogenesis and adaptation to fasting in king penguin chicks,no,no,no,,,,,1989,American Journal ‚Ä¶,journals.physiology.org,NA,10.1152/ajpregu.1989.257.4.r744,NA,NA,NA,first_phase
Carnivoran resource and habitat use in the context of a Late Miocene faunal turnover episode,no,no,no,,,,,2017,‚Ä¶,Wiley Online Library,NA,10.1111/pala.12296,NA,NA,NA,first_phase
An ordination approach to explore similarities among communities,no,no,no,,,,,2019,Journal of Theoretical Biology,Elsevier,HTML,NA,NA,NA,NA,first_phase
A new method for species identification via protein-coding and non-coding DNA barcodes by combining machine learning with bioinformatic methods,no,no,no,,,,,2012,PLoS ‚Ä¶,journals.plos.org,HTML,NA,NA,NA,NA,first_phase
The heart microbiome of insectivorous bats from Central and South Eastern Europe,yes,no,no,,,,,2021,‚Ä¶ and Infectious Diseases,Elsevier,HTML,NA,NA,NA,NA,first_phase
Hidden phylogenomic signal helps elucidate arsenurine silkmoth phylogeny and the evolution of body size and wing shape trade-offs,no,no,no,,,,,2022,Systematic ‚Ä¶,academic.oup.com,NA,NA,NA,NA,NA,first_phase
Community detection and reciprocity in networks by jointly modelling pairs of edges,no,no,no,,,,,2022,Journal of Complex ‚Ä¶,academic.oup.com,NA,NA,NA,NA,NA,first_phase
Southwestern bats and their external bacteria,yes,no,no,,,,,2021,Western North American ‚Ä¶,BioOne,NA,10.3398/064.081.0206.short,NA,NA,NA,first_phase
Characterising the Tasmanian devil (Sarcophilus harrisii) pouch microbiome in lactating and non-lactating females,no,no,no,,,,,2024,Scientific Reports,nature.com,HTML,NA,NA,NA,NA,first_phase
Time will tell: Taxonomic and functional diversity of monilophyte ferns in native forests and abandoned silviculture systems,no,no,no,,,,,2024,Austral Ecology,Wiley Online Library,NA,10.1111/aec.13471,NA,NA,NA,first_phase
"FUNGI FROM DEAD ARTHROPODS AND BATS OF GOMANTONG CAVE, NORTHERN BORNEO, SABAH (MALAYSIA).",no,no,no,,,,,2020,Journal of Cave & ‚Ä¶,legacy.caves.org,PDF,NA,NA,NA,NA,first_phase
Circular RNA-and microRNA-mediated post-transcriptional regulation of preadipocyte differentiation in adipogenesis: from expression profiling to signaling ‚Ä¶,no,no,no,,,,,2023,International Journal of Molecular Sciences,mdpi.com,HTML,NA,NA,NA,NA,first_phase
Ecological processes and human behavior provide a framework for studying the skin microbial metacommunity,no,no,no,,,,,2022,Microbial ecology,Springer,NA,10.1007/s00248-021-01884-8,NA,NA,NA,first_phase
"The microbiota: a key regulator of health, productivity, and reproductive success in mammals",no,no,no,,,,,2024,Frontiers in ‚Ä¶,frontiersin.org,NA,10.3389/fmicb.2024.1480811,NA,NA,NA,first_phase
The skin microbiome of vertebrates,no,no,no,,,,,2019,Microbiome,Springer,HTML,10.1186/s40168-019-0694-6,NA,NA,NA,first_phase
"Are microclimate conditions in El Malpais National Monument caves in New Mexico, USA suitable for Pseudogymnoascus growth?",no,no,no,,,,,2019,International ‚Ä¶,digitalcommons.usf.edu,NA,NA,NA,NA,NA,first_phase
The Virtues of Command and Control Regulation: Barring Exotic Species from Aquatic Ecosystems,no,no,no,,,,,2000,U. Ill. L. Rev.,HeinOnline,NA,NA,NA,NA,NA,first_phase
Beyond Wallace's line‚Äìdispersal of Oriental and Australo-Papuan land-snails across the Indo-Australian Archipelago,no,no,no,,,,,2019,Zoological Journal of the Linnean Society,academic.oup.com,NA,NA,NA,NA,NA,first_phase
The Gesneraceae of the Malay Peninsula,no,no,no,,,,,1905,Journal of the Straits Branch of the Royal Asiatic ‚Ä¶,JSTOR,NA,NA,NA,NA,NA,first_phase
Impact of grazing on soil nutrients in a Pampean grassland.,no,no,no,,,,,1996,Rangeland Ecology & ‚Ä¶,journals.uair.arizona.edu,PDF,NA,NA,NA,NA,first_phase
"DarkCideS 1.0, a global database for bats in karsts and caves",yes,no,yes,yes,yes,no,database,2022,Scientific Data,NA,NA,10.1038/s41597-022-01234-4,2052-4463,9,1,second_phase
A species-level trait dataset of bats in Europe and beyond,yes,yes,yes,yes,yes,no,database,2023,Scientific Data,NA,NA,10.1038/s41597-023-02157-4,2052-4463,10,1,second_phase
A dataset on African bats' functional traits,yes,yes,yes,yes,yes,no,database,2023,Scientific Data,NA,NA,10.1038/s41597-023-02472-w,2052-4463,10,1,second_phase
A database of common vampire bat reports,yes,no,yes,yes,yes,no,database,2022,Scientific Data,NA,NA,10.1038/s41597-022-01140-9,2052-4463,9,1,second_phase
DBatVir: the database of bat-associated viruses,yes,no,yes,yes,yes,no,database,2014,Database,NA,NA,10.1093/database/bau021,1758-0463,2014,NA,second_phase
Geographic data for Neotropical bats (Chiroptera),yes,no,yes,no,yes,,review,2014,Revista de Biolog√≠a Tropical,NA,NA,NA,0034-7744,62,1,second_phase
The Sonozotz project: Assembling an echolocation call library for bats in a megadiverse country,yes,no,yes,yes,no,no,database,2020,Ecology and Evolution,NA,NA,10.1002/ece3.6245,2045-7758,10,11,second_phase
A Standardized Review of Bat Names Across Multiple Taxonomic Authorities,yes,no,yes,yes,yes,no,review,2024,Arizona State University,NA,NA,10.5281/zenodo.7915721,NA,NA,NA,second_phase
BatFly: A database of Neotropical bat-fly interactions,yes,no,yes,yes,yes,no,database,2024,Ecology,NA,NA,10.1002/ecy.4249,1939-9170,105,3,second_phase
ChiroVox: a public library of bat calls,yes,no,yes,yes,yes,no,database,2022,PeerJ,NA,NA,10.7717/peerj.12445,NA,10,NA,second_phase
"Bat Biology, Genomes, and the Bat1K Project: To Generate Chromosome-Level Genomes for All Living Bat Species",yes,no,yes,yes,yes,no,database,2018,Annual Review of Animal Biosciences,NA,NA,10.1146/annurev-animal-022516-022811,2165-8110,6,NA,second_phase
Updated distribution maps for neotropical bats in the superfamily Noctilionoidea,yes,no,yes,yes,yes,no,review,2018,Ecology,NA,NA,10.1002/ecy.2404,1939-9170,99,9,second_phase
NeoBat Interactions: A data set of bat-plant interactions in the Neotropics,yes,no,yes,yes,yes,no,database,2022,Ecology,NA,NA,10.1002/ecy.3640,1939-9170,103,4,second_phase
Integrating multiple evidences in taxonomy: species diversity and phylogeny of mustached bats (Mormoopidae: <i>Pteronotus</i>),yes,no,no,,,,,2016,Molecular Phylogenetics and Evolution,NA,NA,10.1016/j.ympev.2016.07.011,1055-7903,103,NA,second_phase
A review of the major threats and challenges to global bat conservation,yes,no,yes,yes,yes,yes,review,2020,Annals of the New York Academy of Sciences,NA,NA,10.1111/nyas.14045,"0077-8923, 1749-6632",1469,1,second_phase
"Climate is changing, are European bats too? A multispecies analysis of trends in body size",yes,no,yes,yes,yes,no,article,2024,Ecology and Evolution,NA,NA,10.1002/ece3.10872,2045-7758,14,2,second_phase
Bats and their vital ecosystem services: a global review,yes,no,yes,yes,yes,no,review,2022,Integrative Zoology,NA,NA,10.1111/1749-4877.12552,1749-4877,17,1,second_phase
Migration and dispersal patterns of bats and their influence on genetic structure,yes,no,yes,yes,no,no,review,2013,Mammal Review,NA,NA,10.1111/j.1365-2907.2012.00218.x,"0305-1838, 1365-2907",43,3,second_phase
"Macroecological patterns of mammals across taxonomic, spatial, and temporal scales",no,no,yes,yes,no,no,review,2019,Journal of Mammalogy,NA,NA,10.1093/jmammal/gyy171,0022-2372,100,3,second_phase
Ecosystem services provided by bats,yes,no,yes,no,no,,review,2011,Annals of the New York Academy of Sciences,NA,NA,10.1111/j.1749-6632.2011.06004.x,1749-6632,1223,1,second_phase
Limitations and gaps in global bat wing morphology trait data,yes,yes,yes,yes,yes,no,review,2022,Mammal Review,NA,NA,10.1111/mam.12270,1365-2907,52,2,second_phase
Socioeconomic benefits associated with bats,yes,no,yes,no,no,,review,2024,Journal of Ethnobiology and Ethnomedicine,NA,NA,10.1186/s13002-024-00720-w,1746-4269,20,1,second_phase
Global Medicinal Use of Bats: A Systematic Literature and Social Media Review,yes,no,yes,yes,yes,no,review,2022,Diversity,NA,NA,10.3390/d14030179,1424-2818,14,3,second_phase
Is banning Persistent Organic Pollutants efficient? A quantitative and qualitative systematic review in bats,yes,no,yes,yes,yes,no,review,2024,Perspectives in Ecology and Conservation,NA,NA,10.1016/j.pecon.2024.07.001,2530-0644,22,3,second_phase
Bat mating systems:A review and recategorisation,yes,no,yes,yes,yes,no,review,2024,Ecology and Evolution,NA,NA,10.1002/ece3.70149,2045-7758,14,8,second_phase
A global review of landscape-scale analyses in bats reveals geographic and taxonomic biases and opportunities for novel research,yes,no,yes,no,yes,,review,2024,Biological Conservation,NA,NA,10.1016/j.biocon.2024.110829,0006-3207,299,NA,second_phase
Bats and pollution: Genetic approaches in ecotoxicology,yes,no,yes,yes,yes,no,review,2022,Chemosphere,NA,NA,10.1016/j.chemosphere.2022.135934,0045-6535,307,NA,second_phase
The state of the bats in North America,yes,no,yes,yes,no,no,report,2024,Annals of the New York Academy of Sciences,NA,NA,10.1111/nyas.15225,1749-6632,n/a,n/a,second_phase
Estado del arte del conocimiento de biodiversidad de los polinizadores de MÈxico,no,no,yes,yes,yes,no,review,2022,Revista Mexicana de Biodiversidad,NA,NA,10.22201/ib.20078706e.2022.93.3948,2007-8706,93,NA,second_phase
Bats and fire: a global review,yes,no,no,,,,,2021,Fire Ecology,NA,NA,10.1186/s42408-021-00109-0,1933-9747,17,1,second_phase
Multiple mortality events in bats: a global review,yes,no,yes,yes,yes,no,review,2016,Mammal Review,NA,NA,10.1111/mam.12064,1365-2907,46,3,second_phase
Bats as bushmeat: a global review,yes,no,yes,yes,yes,no,review,2009,Oryx,NA,NA,10.1017/S0030605308000938,"1365-3008, 0030-6053",43,2,second_phase
Complex echo classification by echo-locating bats: a review,yes,no,no,,,,,2011,Journal of Comparative Physiology A,NA,NA,10.1007/s00359-010-0584-7,1432-1351,197,5,second_phase
Bats of the Philippine Islands‚ÄîA review of research directions and relevance to national-level priorities and targets,yes,no,no,,,,,2018,Mammalian Biology,NA,NA,10.1016/j.mambio.2018.03.005,1618-1476,91,1,second_phase
Long-term field studies in bat research: importance for basic and applied research questions in animal behavior,yes,no,no,,,,,2022,Behavioral Ecology and Sociobiology,NA,NA,10.1007/s00265-022-03180-y,1432-0762,76,6,second_phase
Ageing Studies on Bats: A Review,yes,no,no,,,,,2004,Biogerontology,NA,NA,10.1023/B:BGEN.0000038022.65024.d8,1573-6768,5,4,second_phase
Bat responses to climate change: a systematic review,yes,no,no,,,,,2023,Biological Reviews,NA,NA,10.1111/brv.12893,1469-185X,98,1,second_phase
Bats as prey of diurnal birds: a global perspective,yes,no,yes,yes,yes,no,review,2016,Mammal Review,NA,NA,10.1111/mam.12060,1365-2907,46,3,second_phase
Interspecific competition in bats: state of knowledge and research challenges,yes,no,yes,yes,yes,no,review,2020,Mammal Review,NA,NA,10.1111/mam.12180,1365-2907,50,1,second_phase
Effective conservation of subterranean-roosting bats,yes,no,yes,yes,yes,no,review,2024,Conservation Biology,NA,NA,10.1111/cobi.14157,1523-1739,38,1,second_phase
Roads and bats: a meta-analysis and review of the evidence on vehicle collisions and barrier effects,yes,no,yes,yes,yes,no,review,2016,Mammal Review,NA,NA,10.1111/mam.12072,1365-2907,46,4,second_phase
"COVID-19, media coverage of bats and related Web searches: a turning point for bat conservation?",yes,no,no,,,,,2022,Mammal Review,NA,NA,10.1111/mam.12261,1365-2907,52,1,second_phase
Cats Felis catus as a threat to bats worldwide: a review of the evidence,yes,no,yes,yes,yes,no,review,2021,Mammal Review,NA,NA,10.1111/mam.12240,1365-2907,51,3,second_phase
We eat meat: a review of carnivory in bats,yes,no,yes,yes,yes,no,review,2021,Mammal Review,NA,NA,10.1111/mam.12254,1365-2907,51,4,second_phase
Insular bats and research effort: a review of global patterns and priorities,yes,no,yes,no,yes,,review,2017,Mammal Review,NA,NA,10.1111/mam.12090,1365-2907,47,3,second_phase
Intrinsic and extrinsic factors affecting dietary specialization in Neotropical frugivorous bats,yes,no,no,,,,,2014,Mammal Review,NA,NA,10.1111/mam.12024,1365-2907,44,03-abr,second_phase
Trophic structure of frugivorous bats in the Neotropics: emergent patterns in evolutionary history,yes,no,yes,yes,yes,no,review,2018,Mammal Review,NA,NA,10.1111/mam.12116,1365-2907,48,2,second_phase
Redefining the study of sexual dimorphism in bats: following the odour trail,yes,no,yes,yes,yes,no,review,2021,Mammal Review,NA,NA,10.1111/mam.12232,1365-2907,51,2,second_phase
Does body mass restrict call peak frequency in echolocating bats?,yes,no,yes,yes,yes,no,review,2020,Mammal Review,NA,NA,10.1111/mam.12196,1365-2907,50,3,second_phase
Effects of land-use changes on Brazilian bats: a review of current knowledge,yes,no,no,,,,,2021,Mammal Review,NA,NA,10.1111/mam.12227,1365-2907,51,1,second_phase
Chromatic disorders in bats: a review of pigmentation anomalies and the misuse of terms to describe them,yes,no,yes,yes,yes,no,review,2017,Mammal Review,NA,NA,10.1111/mam.12083,1365-2907,47,2,second_phase
The threat of invasive species to bats: a review,yes,no,yes,yes,yes,no,review,2017,Mammal Review,NA,NA,10.1111/mam.12099,1365-2907,47,4,second_phase
Bats and aquatic habitats: a review of habitat use and anthropogenic impacts,yes,no,yes,yes,yes,no,review,2016,Mammal Review,NA,NA,10.1111/mam.12059,1365-2907,46,2,second_phase
Identifying unusual mortality events in bats: a baseline for bat hibernation monitoring and white-nose syndrome research,yes,no,yes,yes,yes,no,article,2018,Mammal Review,NA,NA,10.1111/mam.12122,1365-2907,48,3,second_phase
Roost site selection by tree-dwelling bats across biogeographical regions: an updated meta-analysis with meta-regression,yes,no,yes,yes,yes,no,review,2015,Mammal Review,NA,NA,10.1111/mam.12044,1365-2907,45,4,second_phase
Bat ecology and conservation in semi-arid and arid landscapes: a global systematic review,yes,no,yes,no,yes,,review,2020,Mammal Review,NA,NA,10.1111/mam.12175,1365-2907,50,1,second_phase
In the shadow of the rising sun: a systematic review of Japanese bat research and conservation,yes,no,yes,yes,yes,no,review,2021,Mammal Review,NA,NA,10.1111/mam.12226,1365-2907,51,1,second_phase
Bats and bat-borne diseases: a perspective on Australian megabats,yes,no,yes,yes,no,no,review,2013,Australian Journal of Zoology,NA,NA,10.1071/ZO12126,1446-5698,61,1,second_phase
Bats learn about potential food sources from others: a review,yes,no,no,,,,,2023,Canadian Journal of Zoology,NA,NA,10.1139/cjz-2022-0119,0008-4301,101,5,second_phase
Systematic Review of the Roost-Site Characteristics of North American Forest Bats: Implications for Conservation,yes,no,yes,yes,yes,no,review,2020,Diversity,NA,NA,10.3390/d12020076,1424-2818,12,2,second_phase
Research trends on bats in China: A twenty-first century review,yes,no,yes,no,yes,,review,2019,Mammalian Biology,NA,NA,10.1016/j.mambio.2019.09.002,1616-5047,98,NA,second_phase
Bat echolocation in continental China: a systematic review and first acoustic identification key for the country,yes,no,yes,yes,no,no,review,2021,Mammal Research,NA,NA,10.1007/s13364-021-00570-x,2199-241X,66,3,second_phase
The calls of Vietnamese bats: a major step toward the acoustic characterization of Asian bats,yes,no,yes,yes,yes,no,review,2024,Scientific Reports,NA,NA,10.1038/s41598-024-72436-6,2045-2322,14,1,second_phase
"Collection of voucher specimens for bat research: conservation, ethical implications, reduction, and alternatives",yes,no,yes,no,yes,,review,2017,Mammal Review,NA,NA,10.1111/mam.12095,1365-2907,47,4,second_phase
Non-kin cooperation in bats,yes,no,no,,,,,2016,Philosophical Transactions of the Royal Society B: Biological Sciences,NA,NA,10.1098/rstb.2015.0095,NA,371,1687,second_phase
Economic value of bat predation services: A review and new estimates from macadamia orchards,yes,no,yes,yes,yes,no,review,2018,Ecosystem Services,NA,NA,10.1016/j.ecoser.2017.11.015,2212-0416,30,NA,second_phase
Habitat management for forest-roosting bats of North America: A critical review of habitat studies,yes,no,yes,no,no,,review,2003,Wildlife Society Bulletin,NA,NA,NA,0091-7648,31,1,second_phase
Effects of climate change on life-history traits in hibernating mammals,no,yes,yes,yes,no,no,review,2023,Mammal Review,NA,NA,10.1111/mam.12308,1365-2907,53,2,second_phase
A review of the breeding biology of Chiroptera,no,no,yes,yes,yes,no,review,2021,Mammal Review,NA,NA,10.1111/mam.12236,1365-2907,51,3,second_phase
"Heterothermy, body size, and locomotion as ecological predictors of migration in mammals",no,no,yes,yes,yes,no,review,2022,Mammal Review,NA,NA,10.1111/mam.12263,1365-2907,52,1,second_phase
Ecology of bats and their role in emerging zoonotic diseases: a review,yes,no,no,,,,,2020,Revue Scientifique Et Technique (International Office of Epizootics),NA,NA,10.20506/rst.39.3.3198,0253-1933,39,3,second_phase
Thinking outside the box: A review of artificial roosts for bats,yes,no,yes,yes,no,no,review,2014,Wildlife Society Bulletin - Record Set Up In Error,NA,NA,10.1002/wsb.461,1938-5463,38,4,second_phase
Activity following arousal in winter in North American vespertilionid bats,yes,no,yes,yes,no,no,review,2006,Mammal Review,NA,NA,10.1111/j.1365-2907.2006.00095.x,1365-2907,36,4,second_phase
Interindividual communication by bats via echolocation,yes,no,yes,yes,no,no,review,2023,Canadian Journal of Zoology,NA,NA,10.1139/cjz-2022-0121,0008-4301,101,3,second_phase
Use of synanthropic roosts by bats in Europe and North America,yes,no,yes,yes,no,no,review,2024,Mammal Review,NA,NA,10.1111/mam.12380,1365-2907,n/a,n/a,second_phase
Ethnobiology of Bats: Exploring Human-Bat Inter-Relationships in a Rapidly Changing World,yes,no,yes,no,no,,review,2021,Journal of Ethnobiology,NA,NA,10.2993/0278-0771-41.1.3,"0278-0771, 2162-4496",41,1,second_phase
Robust evidence for bats as reservoir hosts is lacking in most African virus studies: a review and call to optimize sampling and conserve bats,yes,no,yes,yes,yes,no,review,2023,Biology Letters,NA,NA,10.1098/rsbl.2023.0358,NA,19,11,second_phase
Evolution of Body Mass in Bats: Insights from a Large Supermatrix Phylogeny,yes,no,yes,yes,yes,no,review,2020,Journal of Mammalian Evolution,NA,NA,10.1007/s10914-018-9447-8,1573-7055,27,1,second_phase
Ecological and evolutionary characteristics of anthropogenic roosting ability in bats of the world,yes,no,yes,yes,yes,no,review,2024,iScience,NA,NA,10.1016/j.isci.2024.110369,2589-0042,27,7,second_phase
A global assessment of the 'island rule' in bats based on functionally distinct measures of body size,yes,no,yes,yes,yes,no,review,2023,Journal of Biogeography,NA,NA,10.1111/jbi.14624,1365-2699,50,7,second_phase
"Exploration of the morphology and functional implications of the forelimb in bats (Mammalia, Chiroptera) from the Neotropical region",yes,no,yes,yes,yes,no,article,2023,Zoomorphology,NA,NA,10.1007/s00435-022-00588-y,1432-234X,142,2,second_phase
Mountains host significantly more data deficient and threatened bat species than lowlands,yes,no,yes,yes,yes,yes,review,2024,Biodiversity and Conservation,NA,NA,10.1007/s10531-024-02958-y,1572-9710,NA,NA,second_phase
Quantifying the completeness of the bat fossil record,yes,no,yes,no,yes,,review,2019,Palaeontology,NA,NA,10.1111/pala.12426,1475-4983,62,5,second_phase
The relationship between wing morphology and foraging guilds: exploring the evolution of wing ecomorphs in bats,yes,no,yes,yes,no,no,article,2024,Biological Journal of the Linnean Society,NA,NA,10.1093/biolinnean/blad157,0024-4066,142,4,second_phase
Ecological Morphology of Neotropical Bat Wing Structures,yes,no,yes,yes,yes,no,article,2020,Zoological Studies,NA,NA,10.6620/ZS.2020.59-60,NA,ÁÑ°,59,second_phase
Bats and wetlands: synthesising gaps in current knowledge and future opportunities for conservation,yes,no,yes,no,yes,,review,2021,Mammal Review,NA,NA,10.1111/mam.12243,1365-2907,51,3,second_phase
Latitudinal gradients in the ecology of New World bats,yes,no,yes,yes,yes,no,review,2019,Global Ecology and Biogeography,NA,NA,10.1111/geb.12892,1466-8238,28,6,second_phase
Spatial and taxonomic biases in bat records: Drivers and conservation implications in a megadiverse country,yes,no,yes,no,yes,,review,2019,Ecology and Evolution,NA,NA,10.1002/ece3.5848,2045-7758,9,24,second_phase
Mapping global conservation priorities and habitat vulnerabilities for cave-dwelling bats in a changing world,yes,no,yes,yes,yes,yes,review,2022,Science of The Total Environment,NA,NA,10.1016/j.scitotenv.2022.156909,0048-9697,843,NA,second_phase
Impacts of artificial lighting on bats: a review of challenges and solutions,yes,no,yes,no,no,,review,2015,Mammalian Biology,NA,NA,10.1016/j.mambio.2015.02.004,1616-5047,80,3,second_phase
Mitigating the impacts of agriculture on biodiversity: bats and their potential role as bioindicators,yes,no,yes,no,no,,review,2015,Mammalian Biology,NA,NA,10.1016/j.mambio.2014.10.004,1616-5047,80,3,second_phase
"Scale-dependent influences of environmental, historical, and spatial processes on taxonomic and functional beta diversity of Japanese bat assemblages",yes,no,yes,yes,yes,no,review,2024,Ecology and Evolution,NA,NA,10.1002/ece3.11277,2045-7758,14,4,second_phase
A synthesis of ecological and evolutionary determinants of bat diversity across spatial scales,yes,no,yes,no,no,,review,2018,BMC Ecology,NA,NA,10.1186/s12898-018-0174-z,1472-6785,18,1,second_phase
Pest suppression by bats and management strategies to favour it: a global review,yes,no,yes,yes,yes,no,review,2023,Biological Reviews,NA,NA,10.1111/brv.12967,1469-185X,98,5,second_phase
Terrestrial Behavior and Trackway Morphology of Neotropical Bats,yes,no,no,,,,,2018,Acta Chiropterologica,NA,NA,10.3161/15081109ACC2018.20.1.018,"1508-1109, 1733-5329",20,1,second_phase
"Altitudinal migration in bats: evidence, patterns, and drivers",yes,no,yes,yes,no,no,review,2013,Biological Reviews,NA,NA,10.1111/brv.12024,1469-185X,88,4,second_phase
The scientific literature on bats (chiroptera) in Brazil: a scientometric analysis from 1954-2018,yes,no,yes,no,yes,,review,2022,Anais da Academia Brasileira de Ci√™ncias,NA,NA,10.1590/0001-3765202220211621,"0001-3765, 1678-2690",94,NA,second_phase
Bat Research Networks and Viral Surveillance: Gaps and Opportunities in Western Asia,yes,no,yes,no,no,,review,2019,Viruses,NA,NA,10.3390/v11030240,1999-4915,11,3,second_phase
Tree roost selection by bats: an empirical synthesis using meta-analysis,yes,no,yes,yes,no,no,review,2005,Wildlife Society Bulletin,NA,NA,10.2193/0091-7648(2005)33[1123:TRSBBA]2.0.CO;2,1938-5463,33,3,second_phase
"BATS, CLOCKS, AND ROCKS: DIVERSIFICATION PATTERNS IN CHIROPTERA",no,no,yes,no,no,,article,2005,Evolution,NA,NA,10.1111/j.0014-3820.2005.tb00932.x,1558-5646,59,10,second_phase
Acoustic identification of Mexican bats based on taxonomic and ecological constraints on call design,yes,no,yes,yes,yes,no,article,2016,Methods in Ecology and Evolution,NA,NA,10.1111/2041-210X.12556,2041-210X,7,9,second_phase
Bat-borne viruses in Africa: a critical review,yes,no,yes,yes,no,no,review,2020,Journal of Zoology,NA,NA,10.1111/jzo.12769,1469-7998,311,2,second_phase
Disease alters macroecological patterns of North American bats,yes,no,yes,no,no,,article,2015,Global Ecology and Biogeography,NA,NA,10.1111/geb.12290,1466-8238,24,7,second_phase
Environmental drivers of body size in North American bats,yes,no,yes,yes,yes,no,article,2023,Functional Ecology,NA,NA,10.1111/1365-2435.14287,1365-2435,37,4,second_phase
An optimum body size for mammals? Comparative evidence from bats,yes,no,yes,yes,no,no,review,1997,Functional Ecology,NA,NA,10.1046/j.1365-2435.1997.00149.x,1365-2435,11,6,second_phase
Social communication in bats,yes,no,yes,no,no,,review,2018,Biological Reviews,NA,NA,10.1111/brv.12427,1469-185X,93,4,second_phase
Reappraising the use of forearm rings for bat species,yes,no,yes,no,no,,review,2023,Biological Conservation,NA,NA,10.1016/j.biocon.2023.110268,0006-3207,286,NA,second_phase
Alopecia in Bats,yes,no,yes,no,no,,review,2022,Acta Chiropterologica,NA,NA,10.3161/15081109ACC2022.24.1.017,"1508-1109, 1733-5329",24,1,second_phase
The Critical Importance of Old World Fruit Bats for Healthy Ecosystems and Economies,yes,no,yes,yes,yes,no,review,2021,Frontiers in Ecology and Evolution,NA,NA,10.3389/fevo.2021.641411,2296-701X,9,NA,second_phase
Review and meta-analysis of correlates of home range size in bats,yes,no,yes,yes,no,no,review,2024,Journal of Mammalogy,NA,NA,10.1093/jmammal/gyae036,0022-2372,105,5,second_phase
"How far are birds, bats, and terrestrial mammals displaced from onshore wind power development?: A systematic review",yes,no,yes,no,yes,,review,2023,Biological Conservation,NA,NA,10.1016/j.biocon.2023.110382,0006-3207,288,NA,second_phase
Disease tolerance as immune defense strategy in bats: One size fits all?,yes,no,no,,,,,2024,PLOS Pathogens,NA,NA,10.1371/journal.ppat.1012471,1553-7374,20,9,second_phase
Bats as instructive animal models for studying longevity and aging,yes,no,yes,no,yes,,review,2024,Annals of the New York Academy of Sciences,NA,NA,10.1111/nyas.15233,1749-6632,NA,NA,second_phase
Physical constraints on thermoregulation and flight drive morphological evolution in bats,yes,no,yes,yes,yes,yes,article,2022,Proceedings of the National Academy of Sciences,NA,NA,10.1073/pnas.2103745119,NA,119,15,second_phase
Trends in Bacterial Pathogens of Bats: Global Distribution and Knowledge Gaps,yes,no,yes,yes,yes,no,review,2023,Transboundary and Emerging Diseases,NA,NA,10.1155/2023/9285855,1865-1682,2023,1,second_phase
Literature review of tri-colored bat natural history with implications to management,yes,no,yes,no,no,,review,2023,Frontiers in Conservation Science,NA,NA,10.3389/fcosc.2023.1204901,2673-611X,4,NA,second_phase
Priorities and gaps in Mediterranean bat research evidence: a systematic review for the early twenty-first century,yes,no,yes,no,no,,review,2022,"Hystrix, the Italian Journal of Mammalogy",NA,NA,10.4404/hystrix-00534-2022,"0394-1914, 1825-5272",33,2,second_phase
Coronavirus sampling and surveillance in bats from 1996-2019: a systematic review and meta-analysis,yes,no,yes,yes,yes,no,review,2023,Nature Microbiology,NA,NA,10.1038/s41564-023-01375-1,2058-5276,8,6,second_phase
The Virome of Bats Inhabiting Brazilian Biomes: Knowledge Gaps and Biases towards Zoonotic Viruses,yes,no,yes,yes,yes,no,review,2023,Microbiology Spectrum,NA,NA,10.1128/spectrum.04077-22,NA,11,1,second_phase
Conservation implications of hibernation in mammals,no,no,yes,no,yes,,review,2024,Mammal Review,NA,NA,10.1111/mam.12346,1365-2907,54,3,second_phase
Higher and bigger: How riparian bats react to climate change,yes,no,no,yes,no,,article,2024,Science of The Total Environment,NA,NA,10.1016/j.scitotenv.2023.169733,0048-9697,913,NA,second_phase
Monitoring the trade in bat taxidermy and specimens on e-commerce platforms,yes,no,yes,yes,yes,no,article,2024,Biological Conservation,NA,NA,10.1016/j.biocon.2024.110827,0006-3207,299,NA,second_phase
Microchiropteran bats : global status survey and conservation action plan,yes,no,yes,no,yes,,report,2001,NA,IUCN,NA,NA,NA,NA,NA,second_phase
Ecomorphological and phylogenetic controls on sympatry across extant bats,yes,no,yes,yes,yes,no,article,2018,Journal of Biogeography,NA,NA,10.1111/jbi.13353,1365-2699,45,7,second_phase
A Palearctic view of a bat fungal disease,yes,no,yes,no,yes,,review,2024,Conservation Biology,NA,NA,10.1111/cobi.14265,1523-1739,n/a,n/a,second_phase
Immunological features of bats: resistance and tolerance to emerging viruses,yes,no,no,,,,,2024,Trends in Immunology,NA,NA,10.1016/j.it.2024.01.008,1471-4906,45,3,second_phase
Presencia del virus de la rabia en murci√©lagos no hemat√≥fagos en M√©xico,no,no,yes,yes,yes,no,review,2024,Ecosistemas y Recursos Agropecuarios,NA,NA,10.19136/era.a11n2.3768,2007-901X,11,2,second_phase
The scope and severity of white-nose syndrome on hibernating bats in North America,yes,no,no,,,,,2021,Conservation Biology,NA,NA,10.1111/cobi.13739,1523-1739,35,5,second_phase
Global review and guidelines to avoid opportunistic predation of birds and bats in mist nets,yes,no,yes,no,yes,,review,2023,Ecology and Evolution,NA,NA,10.1002/ece3.10390,2045-7758,13,8,second_phase
Bat Ecology and Microbiome of the Gut: A Narrative Review of Associated Potentials in Emerging and Zoonotic Diseases,yes,no,yes,yes,yes,no,review,2024,Animals,NA,NA,10.3390/ani14203043,2076-2615,14,20,second_phase
How significant are bats as potential carriers of zoonotic <i>Cryptosporidium</i> and <i>Giardia</i>?,yes,no,yes,yes,yes,no,review,2023,Current Research in Parasitology & Vector-Borne Diseases,NA,NA,10.1016/j.crpvbd.2023.100155,2667-114X,4,NA,second_phase
Viral Co-Infection in Bats: A Systematic Review,yes,no,yes,yes,yes,no,review,2023,Viruses,NA,NA,10.3390/v15091860,1999-4915,15,9,second_phase
Phylogeographic Aspects of Bat Lyssaviruses in Europe: A Review,yes,no,yes,yes,yes,no,review,2023,Pathogens,NA,NA,10.3390/pathogens12091089,2076-0817,12,9,second_phase
<i>Leishmania</i> species infection of bats: A systematic review,yes,no,yes,yes,no,no,review,2023,Acta Tropica,NA,NA,10.1016/j.actatropica.2023.107025,0001-706X,248,NA,second_phase
Bane or Blessing? Reviewing Cultural Values of Bats across the Asia-Pacific Region,yes,no,yes,no,no,,review,2021,Journal of Ethnobiology,NA,NA,10.2993/0278-0771-41.1.18,"0278-0771, 2162-4496",41,1,second_phase
"The Bats of Greece: An Updated Review of Their Distribution, Ecology and Conservation",yes,no,yes,yes,yes,no,review,2023,Animals: an open access journal from MDPI,NA,NA,10.3390/ani13152529,2076-2615,13,15,second_phase
Historical account and current knowledge of the southernmost Chiropterofauna in the world: the Magellanic/Fuegian bats,yes,no,no,,,,,2023,Studies on Neotropical Fauna and Environment,NA,NA,10.1080/01650521.2023.2274146,0165-0521,0,0,second_phase
Studying bats using a One Health lens: bridging the gap between bat virology and disease ecology,yes,no,yes,no,yes,,review,2024,Journal of Virology,NA,NA,10.1128/jvi.01453-24,NA,0,0,second_phase
A review of the diet of the common vampire bat (Desmodus rotundus) in the context of anthropogenic change,yes,no,yes,yes,yes,no,review,2023,Mammalian Biology,NA,NA,10.1007/s42991-023-00358-3,1618-1476,103,4,second_phase
Bat pollination in the Caatinga: A review of studies and peculiarities of the system in the new world's largest and most diverse seasonally dry tropical forest,yes,no,yes,yes,yes,no,review,2023,Flora,NA,NA,10.1016/j.flora.2023.152332,0367-2530,305,NA,second_phase
Body size information in large-scale acoustic bat databases,yes,no,yes,yes,yes,no,article,2018,PeerJ,NA,NA,10.7717/peerj.5370,2167-8359,6,NA,second_phase
Ecotoxicology of heavy metal contamination of Neotropical bats,yes,no,yes,yes,yes,no,review,2024,Environmental Monitoring and Assessment,NA,NA,10.1007/s10661-024-12553-x,1573-2959,196,4,second_phase
Organic contaminants in bats: Trends and new issues,yes,no,yes,yes,no,no,review,2014,Environment International,NA,NA,10.1016/j.envint.2013.10.009,0160-4120,63,NA,second_phase
"Inventory, Features, and Protection of Underground Roosts Used by Bats in Mexico",yes,no,yes,yes,no,no,review,2017,Acta Chiropterologica,NA,NA,10.3161/15081109ACC2017.19.2.019,"1508-1109, 1733-5329",19,2,second_phase
"Structure of the Interaction Networks Between Bats (Mammalia: Chiroptera) and Ectoparasite Flies (Diptera: Streblidae, Nycteribiidae) on a Latitudinal Gradient",yes,no,yes,yes,yes,no,review,2020,Acta Chiropterologica,NA,NA,10.3161/15081109ACC2020.22.1.018,"1508-1109, 1733-5329",22,1,second_phase
A systematic review on current approaches in bat virus discovered between 2018 and 2022,yes,no,yes,yes,no,no,review,2024,Journal of Virological Methods,NA,NA,10.1016/j.jviromet.2024.115005,0166-0934,329,NA,second_phase
Global systematic map of research on bats in agricultural systems,yes,no,yes,no,yes,,review,2023,Frontiers in Ecology and Evolution,NA,NA,10.3389/fevo.2023.1214176,2296-701X,11,NA,second_phase
Wildlife Use of Anthropogenic Structures: A Comprehensive Review of Bridge Use by Bats,yes,no,yes,yes,no,no,review,2023,Acta Chiropterologica,NA,NA,10.3161/15081109ACC2023.25.1.008,NA,25,1,second_phase
"Bat-associated microbes: Opportunities and perils, an overview",yes,no,yes,yes,yes,no,review,2023,Heliyon,NA,NA,10.1016/j.heliyon.2023.e22351,2405-8440,9,12,second_phase
Are we hunting bats to extinction? Worldwide patterns of hunting risk in bats are driven by species ecology and regional economicsy,yes,no,yes,yes,no,no,review,2023,Biological Conservation,NA,NA,10.1016/j.biocon.2023.109944,0006-3207,279,NA,second_phase
Infection of bats with Histoplasma species,yes,no,yes,yes,yes,no,review,2023,Medical Mycology,NA,NA,10.1093/mmy/myad080,1460-2709,61,8,second_phase
A systematic review of trace elements in the tissues of bats (Chiroptera),yes,no,yes,yes,yes,no,review,2024,Environmental Pollution,NA,NA,10.1016/j.envpol.2024.124349,0269-7491,356,NA,second_phase
Zoonotic bacterial pathogens in bats samples around the world: a scoping review,yes,no,yes,yes,yes,no,review,2024,Preventive Veterinary Medicine,NA,NA,10.1016/j.prevetmed.2024.106135,0167-5877,225,NA,second_phase
Roost Fidelity of Bats: A Review,yes,no,yes,yes,no,no,review,1995,Journal of Mammalogy,NA,NA,10.2307/1382357,0022-2372,76,2,second_phase
Antiviral Immune Responses of Bats: A Review,yes,no,yes,no,no,,review,2013,Zoonoses and Public Health,NA,NA,10.1111/j.1863-2378.2012.01528.x,1863-2378,60,1,second_phase
Why bats matters: A critical assessment of bat-mediated ecological processes in the Neotropics,yes,no,yes,yes,no,no,review,2020,European Journal of Ecology,NA,NA,10.17161/eurojecol.v6i1.13824,1339-8474,6,1,second_phase
Trait-based functional dietary analysis provides a better insight into the foraging ecology of bats,yes,yes,no,,,,,2019,Journal of Animal Ecology,NA,NA,10.1111/1365-2656.13055,1365-2656,88,10,second_phase
Exploring a Hidden Structure in New World Bats: The Pollex,yes,no,yes,yes,yes,no,article,2022,NA,NA,NA,10.5281/zenodo.13503351,NA,NA,NA,second_phase
Urbanisation generates multiple trait syndromes for terrestrial animal taxa worldwide,no,yes,yes,yes,yes,no,review,2023,Nature Communications,NA,NA,10.1038/s41467-023-39746-1,2041-1723,14,1,second_phase
Evolution of litter size in bats and its influence on longevity and roosting ecology,yes,no,yes,yes,yes,no,review,2021,Biological Journal of the Linnean Society,NA,NA,10.1093/biolinnean/blaa203,0024-4066,132,3,second_phase
Bats,yes,no,no,,,,,2010,Current Biology,NA,NA,10.1016/j.cub.2010.10.037,0960-9822,20,24,second_phase
A bibliometric analysis of research trends in bat echolocation studies between 1970 and 2021,yes,no,yes,no,no,,review,2022,Ecological Informatics,NA,NA,10.1016/j.ecoinf.2022.101654,1574-9541,69,NA,second_phase
A review of the global conservation status of bats,yes,no,yes,no,no,,review,2002,Oryx,NA,NA,10.1017/S0030605302000054,"1365-3008, 0030-6053",36,1,second_phase
Re-weighing the 5% tagging recommendation: assessing the potential impacts of tags on the behaviour and body condition of bats,yes,no,yes,yes,yes,no,review,2024,Mammal Review,NA,NA,10.1111/mam.12369,1365-2907,n/a,n/a,second_phase
Painting maps with bats: species distribution modelling in bat research and conservation,yes,no,yes,no,yes,,review,2016,"Hystrix, the Italian Journal of Mammalogy",NA,NA,10.4404/hystrix-27.1-11753,"18255272, 03941914",27,1,second_phase
Bats as bioindicators of heavy metal pollution: history and prospect,yes,no,yes,yes,no,no,review,2015,Mammalian Biology,NA,NA,10.1016/j.mambio.2015.01.001,1618-1476,80,3,second_phase
"Limitations, lack of standardization, and recommended best practices in studies of renewable energy effects on birds and bats",yes,no,yes,no,yes,,review,2021,Conservation Biology: The Journal of the Society for Conservation Biology,NA,NA,10.1111/cobi.13457,1523-1739,35,1,second_phase
Post-construction bird and bat fatality monitoring studies at wind energy projects in Latin America: A summary and review,yes,no,yes,yes,no,no,review,2021,Heliyon,NA,NA,10.1016/j.heliyon.2021.e07251,2405-8440,7,6,second_phase
Evidence of Antimicrobial Resistance in Bats and Its Planetary Health Impact for Surveillance of Zoonotic Spillover Events: A Scoping Review,yes,no,yes,yes,yes,no,review,2023,International Journal of Environmental Research and Public Health,NA,NA,10.3390/ijerph20010243,1660-4601,20,1,second_phase
Anticoagulants for the Control of the Common Vampire Bat (Desmodus rotundus),yes,no,yes,no,no,,review,2024,Zoonoses and Public Health,NA,NA,10.1111/zph.13196,1863-2378,n/a,n/a,second_phase
Bird and bat species' global vulnerability to collision mortality at wind farms revealed through a trait-based assessment,yes,yes,yes,yes,yes,yes,review,2017,Proceedings of the Royal Society B: Biological Sciences,NA,NA,10.1098/rspb.2017.0829,NA,284,1862,second_phase
Correlated evolution between body size and echolocation in bats (order Chiroptera),yes,no,yes,yes,yes,no,article,2024,BMC Ecology and Evolution,NA,NA,10.1186/s12862-024-02231-4,2730-7182,24,1,second_phase
Ecological correlates of vulnerability to fragmentation in Neotropical bats,yes,no,no,,,,,2008,Journal of Applied Ecology,NA,NA,10.1111/j.1365-2664.2007.01389.x,1365-2664,45,1,second_phase
Bat Eco-Interactions,yes,no,yes,yes,yes,no,database,2024,NA,NA,NA,NA,NA,NA,NA,second_phase
Morphologic Properties of Bat Wings,yes,no,yes,yes,no,no,article,1972,Journal of Mammalogy,NA,NA,10.2307/1379035,0022-2372,53,3,second_phase
Comparative anatomy of the vocal apparatus in bats and implications for the diversity of laryngeal echolocation,yes,no,yes,no,yes,,article,2024,Zoological Journal of the Linnean Society,NA,NA,10.1093/zoolinnean/zlad180,0024-4082,NA,NA,second_phase
"Polydactyly in the largest New World fruit bat, Artibeus lituratus",yes,no,no,,,,,2012,Mammal Review,NA,NA,10.1111/j.1365-2907.2011.00198.x,1365-2907,42,4,second_phase
"Beyond head and wings: Unveiling influence of diet, body size, and phylogeny on the evolution of the femur in phyllostomid bats",yes,no,yes,yes,yes,no,article,2024,The Anatomical Record,NA,NA,10.1002/ar.25551,1932-8494,n/a,n/a,second_phase
Phenotypic traits evolution and morphological traits associated with echolocation calls in cryptic horseshoe bats (Rhinolophidae),yes,yes,no,,,,,2023,Journal of Systematics and Evolution,NA,NA,10.1111/jse.12924,1759-6831,61,4,second_phase
Body mass explains digestive traits in small vespertilionid bats,yes,yes,no,,,,,2021,Journal of Comparative Physiology B,NA,NA,10.1007/s00360-021-01348-y,1432-136X,191,2,second_phase
Phylogeny and foraging behaviour shape modular morphological variation in bat humeri,yes,no,yes,yes,yes,no,article,2021,Journal of Anatomy,NA,NA,10.1111/joa.13380,1469-7580,238,6,second_phase
Dental Variation in Megabats (Chiroptera: Pteropodidae): Tooth Metrics Correlate with Body Size and Tooth Proportions Reflect Phylogeny,yes,no,yes,yes,yes,no,article,2021,Journal of Mammalian Evolution,NA,NA,10.1007/s10914-020-09508-7,1573-7055,28,2,second_phase
Comparative morphology and scaling of the femur in yangochiropteran bats,yes,no,yes,yes,yes,no,article,2019,Journal of Anatomy,NA,NA,10.1111/joa.12996,1469-7580,235,1,second_phase
ATLANTIC BATS: a data set of bat communities from the Atlantic Forests of South America,yes,no,yes,no,yes,,database,2017,Ecology,NA,NA,10.1002/ecy.2007,1939-9170,98,12,second_phase
ATLANTIC MAMMAL TRAITS: a data set of morphological traits of mammals in the Atlantic Forest of South America,no,yes,yes,yes,yes,no,database,2018,Ecology,NA,NA,10.1002/ecy.2106,1939-9170,99,2,second_phase
"An amniote life-history database to perform comparative analyses with birds, mammals, and reptiles",no,no,yes,yes,yes,yes,database,2015,Ecology,NA,NA,10.1890/15-0846R.1,1939-9170,96,11,second_phase
Mammal Diversity Database,no,no,yes,yes,yes,yes,database,2024,NA,Zenodo,NA,10.5281/ZENODO.4139722,NA,NA,NA,second_phase
ZooTraits: An R shiny app for exploring animal trait data for ecological and evolutionary research,no,yes,yes,yes,yes,no,database,2024,Ecology and Evolution,NA,NA,10.1002/ece3.11334,2045-7758,14,5,second_phase
Bringing light onto the Raunki√¶ran shortfall: A comprehensive review of traits used in functional animal ecology,no,yes,yes,no,yes,,review,2023,Ecology and Evolution,NA,NA,10.1002/ece3.10016,2045-7758,13,4,second_phase
COMBINE: a coalesced mammal database of intrinsic and extrinsic traits,no,yes,yes,yes,yes,no,database,2021,Ecology,NA,NA,10.1002/ecy.3344,"0012-9658, 1939-9170",102,6,second_phase
"AnimalTraits - a curated animal trait database for body mass, metabolic rate and brain size",no,yes,yes,yes,yes,no,database,2022,Scientific Data,NA,NA,10.1038/s41597-022-01364-9,2052-4463,9,NA,second_phase
"Life history, ecology and longevity in bats",yes,no,yes,yes,yes,no,review,2002,Aging Cell,NA,NA,10.1046/j.1474-9728.2002.00020.x,1474-9726,1,2,second_phase
The Vertebrate Trait Ontology: a controlled vocabulary for the annotation of trait data across species,no,yes,yes,no,yes,,database,2013,Journal of Biomedical Semantics,NA,NA,10.1186/2041-1480-4-13,2041-1480,4,1,second_phase
Amphibian traits database: A global database on morphological traits of amphibians,no,yes,no,,,,,2023,Global Ecology and Biogeography,NA,NA,10.1111/geb.13656,1466-8238,32,5,second_phase
Generation length for mammals,no,no,yes,yes,yes,yes,review,2013,Nature Conservation,NA,NA,10.3897/natureconservation.5.5734,1314-3301,5,NA,second_phase
The database of the PREDICTS (Projecting Responses of Ecological Diversity In Changing Terrestrial Systems) project,no,no,yes,no,yes,,database,2017,Ecology and Evolution,NA,NA,10.1002/ece3.2579,2045-7758,7,1,second_phase
FISHMORPH: A global database on morphological traits of freshwater fishes,no,yes,no,,,,,2021,Global Ecology and Biogeography,NA,NA,10.1111/geb.13395,1466-8238,30,12,second_phase
"AVONET: morphological, ecological and geographical data for all birds",no,no,no,,,,,2022,Ecology Letters,NA,NA,10.1111/ele.13898,1461-0248,25,3,second_phase
PHYLACINE 1.2: The Phylogenetic Atlas of Mammal Macroecology,no,no,yes,yes,yes,yes,database,2018,Ecology,NA,NA,10.1002/ecy.2443,"0012-9658, 1939-9170",99,11,second_phase
"PanTHERIA: a species-level database of life history, ecology, and geography of extant and recently extinct mammals",no,no,yes,yes,yes,yes,database,2009,Ecology,NA,NA,10.1890/08-1494.1,1939-9170,90,9,second_phase
EltonTraits 1.0: Species-level foraging attributes of the world's birds and mammals,no,yes,yes,yes,yes,yes,database,2014,Ecology,NA,NA,10.1890/13-1917.1,1939-9170,95,7,second_phase
TetraDENSITY 2.0: A Database of Population Density Estimates in Tetrapods,no,no,yes,yes,yes,no,database,2024,Global Ecology and Biogeography,NA,NA,10.1111/geb.13929,1466-8238,n/a,n/a,second_phase
The Tropical Andes Biodiversity Hotspot: A Comprehensive Dataset for the Mira-Mataje Binational Basins,no,no,yes,no,yes,,database,2024,Scientific Data,NA,NA,10.1038/s41597-024-03463-1,2052-4463,11,1,second_phase
Fig-eating by vertebrate frugivores: a global review,no,no,yes,yes,no,no,review,2001,Biological Reviews,NA,NA,10.1017/S1464793101005760,1469-185X,76,4,second_phase
The PREDICTS database: a global database of how local terrestrial biodiversity responds to human impacts,no,no,yes,no,yes,,database,2014,Ecology and Evolution,NA,NA,10.1002/ece3.1303,2045-7758,4,24,second_phase
"Establishing macroecological trait datasets: digitalization, extrapolation, and validation of diet preferences in terrestrial mammals worldwide",no,yes,yes,yes,yes,no,database,2014,Ecology and Evolution,NA,NA,10.1002/ece3.1136,2045-7758,4,14,second_phase
The relationship between body mass and field metabolic rate among individual birds and mammals,no,no,yes,yes,yes,no,database,2013,Journal of Animal Ecology,NA,NA,10.1111/1365-2656.12086,1365-2656,82,5,second_phase
Tetrapod Diversity in the Atlantic Forest: Maps and Gaps,no,no,yes,no,yes,,chapter,2021,"The Atlantic Forest: History, Biodiversity, Threats and Opportunities of the Mega-diverse Forest",Springer International Publishing,NA,NA,NA,NA,NA,second_phase
The Global Virome in One Network (VIRION): an Atlas of Vertebrate-Virus Associations,no,no,yes,yes,yes,no,database,2022,mBio,NA,NA,10.1128/mbio.02985-21,NA,13,2,second_phase
COMADRE: a global data base of animal demography,no,no,yes,yes,no,no,database,2016,Journal of Animal Ecology,NA,NA,10.1111/1365-2656.12482,1365-2656,85,2,second_phase
Monitoring Change in Vertebrate Abundance: the Living Planet Index,no,no,yes,no,yes,,review,2009,Conservation Biology,NA,NA,10.1111/j.1523-1739.2008.01117.x,1523-1739,23,2,second_phase
An expert-curated global database of online newspaper articles on spiders and spider bites,no,no,no,,,,,2022,Scientific Data,NA,NA,10.1038/s41597-022-01197-6,2052-4463,9,1,second_phase
Body Mass of Late Quaternary Mammals,no,no,yes,yes,yes,no,database,2003,Ecology,NA,NA,10.1890/02-9003,1939-9170,84,12,second_phase
Home ranges of Recent mammals,no,no,yes,yes,no,no,review,2015,Ecology,NA,NA,10.1890/14-2264.1,1939-9170,96,6,second_phase
"MAMMALS IN PORTUGAL: A data set of terrestrial, volant, and marine mammal occurrences in Portugal",no,no,yes,no,yes,,database,2022,Ecology,NA,NA,10.1002/ecy.3654,1939-9170,103,6,second_phase
ATLANTIC POLLINATION: a data set of flowers and interaction with nectar-feeding vertebrates from the Atlantic Forest,no,no,yes,yes,yes,no,database,2022,Ecology,NA,NA,10.1002/ecy.3595,1939-9170,103,2,second_phase
ZOVER: the database of zoonotic and vector-borne viruses,no,no,yes,yes,yes,no,database,2022,Nucleic Acids Research,NA,NA,10.1093/nar/gkab862,1362-4962,50,D1,second_phase
Ecological Trait-data Standard Vocabulary (v0.10),no,yes,no,,,,,2019,NA,NA,NA,10.5281/zenodo.2605377,NA,NA,NA,second_phase
HomeRange: A global database of mammalian home ranges,no,no,yes,yes,yes,no,database,2023,Global Ecology and Biogeography,NA,NA,10.1111/geb.13625,1466-8238,32,2,second_phase
Frugivoria: A trait database for birds and mammals exhibiting frugivory across contiguous Neotropical moist forests,no,yes,yes,yes,yes,no,database,2023,Global Ecology and Biogeography,NA,NA,10.1111/geb.13716,1466-8238,32,9,second_phase
A phylogeny-informed characterisation of global tetrapod traits addresses data gaps and biases,no,yes,yes,yes,yes,no,database,2024,PLOS Biology,NA,NA,10.1371/journal.pbio.3002658,1545-7885,22,7,second_phase
Identifying global conservation priorities for terrestrial vertebrates based on multiple dimensions of biodiversity,no,no,yes,yes,yes,yes,review,,,,,10.1111/cobi.14205,,,,third_phase
Insufficient and biased representation of species geographic responses to climate change,no,no,yes,yes,yes,no,review,,,,,10.1111/gcb.17408,,,,third_phase
Status and trends in United States terrestrial mammal research since 1900,no,no,yes,yes,yes,no,review,,,,,10.1111/mam.12367,,,,third_phase
,,,,,,,,,,,,,,,,third_phase
