pub_type,authors,year,title,lowercase,includes_bats_in_title,includes_traits_in_title,to_keep,includes_trait_info,directly_available,fully_included_in_another_source,source,publisher,doi,s
article,NA,1972,Morphologic Properties of Bat Wings,morphologic properties of bat wings,yes,no,yes,yes,no,no,Journal of Mammalogy,NA,10.2307/1379035,s1
review,NA,2001,Fig-eating by vertebrate frugivores: a global review,fig eating by vertebrate frugivores a global review,no,no,yes,yes,no,no,Biological Reviews,NA,10.1017/S1464793101005760,s1
NA,NA,2022,"Spatial and land‐use determinants of bat species richness, functional diversity, and site uniqueness throughout the largest Tropical country, Brazil","spatial and land use determinants of bat species richness, functional diversity, and site uniqueness throughout the largest tropical country, brazil",yes,no,yes,NA,NA,NA,Mammal Review,Wiley Online Library,10.1111/mam.12279,s1
database,NA,2003,Body Mass of Late Quaternary Mammals,body mass of late quaternary mammals,no,no,yes,yes,yes,no,Ecology,NA,10.1890/02-9003,s1
review,NA,2005,Tree roost selection by bats: an empirical synthesis using meta-analysis,tree roost selection by bats an empirical synthesis using meta analysis,yes,no,yes,yes,no,no,Wildlife Society Bulletin,NA,10.2193/0091-7648(2005)33[1123:TRSBBA]2.0.CO;2,s1
article,NA,2007,Design and applicability of DNA arrays and DNA barcodes in biodiversity monitoring,design and applicability of dna arrays and dna barcodes in biodiversity monitoring,no,no,yes,yes,yes,no,BMC biology,Springer,10.1186/1741-7007-5-24,s1
review,NA,2013,Migration and dispersal patterns of bats and their influence on genetic structure,migration and dispersal patterns of bats and their influence on genetic structure,yes,no,yes,yes,no,no,Mammal Review,NA,10.1111/j.1365-2907.2012.00218.x,s1
review,NA,2013,"Altitudinal migration in bats: evidence, patterns, and drivers","altitudinal migration in bats evidence, patterns, and drivers",yes,no,yes,yes,no,no,Biological Reviews,NA,10.1111/brv.12024,s1
database,NA,2013,The relationship between body mass and field metabolic rate among individual birds and mammals,the relationship between body mass and field metabolic rate among individual birds and mammals,no,no,yes,yes,yes,no,Journal of Animal Ecology,NA,10.1111/1365-2656.12086,s1
NA,NA,2016,Non-auditory Defences of Prey Against Bat Predation,non auditory defences of prey against bat predation,yes,no,yes,NA,NA,NA,Predator–Prey Interactions …,Springer,10.1007/978-3-319-32492-0_3,s1
NA,NA,2017,Twenty years of bat monitoring at the London Wetland Centre: showing the biodiversity value of a man-made urban reserve,twenty years of bat monitoring at the london wetland centre showing the biodiversity value of a man made urban reserve,yes,no,yes,NA,NA,NA,The London …,researchgate.net,NA,s1
database,NA,2014,DBatVir: the database of bat-associated viruses,dbatvir the database of bat associated viruses,yes,no,yes,yes,yes,no,Database,NA,10.1093/database/bau021,s1
NA,NA,2022,Consumption of endemic arbovirus mosquito vectors by bats in the southeastern United States,consumption of endemic arbovirus mosquito vectors by bats in the southeastern united states,yes,no,yes,NA,NA,NA,Journal of Vector …,BioOne,10.52707/1081-1710-47.2.153.short,s1
NA,NA,2023,The interplay between spatiotemporal overlap and morphology as determinants of microstructure suggests no 'perfect fit'in a bat-flower network,the interplay between spatiotemporal overlap and morphology as determinants of microstructure suggests no perfect fit in a bat flower network,yes,no,yes,NA,NA,NA,Scientific Reports,nature.com,NA,s1
NA,NA,2014,The trans-boundary importance of artificial bat hibernacula in managed European forests,the trans boundary importance of artificial bat hibernacula in managed european forests,yes,no,yes,NA,NA,NA,Biodiversity and …,Springer,10.1007/s10531-014-0620-y,s1
review,NA,2014,Thinking outside the box: A review of artificial roosts for bats,thinking outside the box a review of artificial roosts for bats,yes,no,yes,yes,no,no,Wildlife Society Bulletin - Record Set Up In Error,NA,10.1002/wsb.461,s1
review,NA,2014,Organic contaminants in bats: Trends and new issues,organic contaminants in bats trends and new issues,yes,no,yes,yes,no,no,Environment International,NA,10.1016/j.envint.2013.10.009,s1
NA,NA,2023,Multilayer networks assisting to untangle direct and indirect pathogen transmission in bats,multilayer networks assisting to untangle direct and indirect pathogen transmission in bats,yes,no,yes,NA,NA,NA,Microbial Ecology,Springer,10.1007/s00248-022-02108-3,s1
NA,NA,2015,Phyllostomid bat microbiome composition is associated to host phylogeny and feeding strategies,phyllostomid bat microbiome composition is associated to host phylogeny and feeding strategies,yes,no,yes,NA,NA,NA,Frontiers in …,frontiersin.org,10.3389/fmicb.2015.00447,s1
NA,NA,2023,Habitat suitability mapping using logistic regression analysis of long-term bioacoustic bat survey dataset in the Cassadaga Creek watershed (USA),habitat suitability mapping using logistic regression analysis of long term bioacoustic bat survey dataset in the cassadaga creek watershed (usa),yes,no,yes,NA,NA,NA,Science of the Total Environment,Elsevier,NA,s1
NA,NA,2015,Bat genomics,bat genomics,yes,no,yes,NA,NA,NA,Bats and Viruses: A New Frontier of …,Wiley Online Library,10.1002/9781118818824.ch13,s1
NA,NA,2018,Estimating habitat loss due to wind turbine avoidance by bats: Implications for European siting guidance,estimating habitat loss due to wind turbine avoidance by bats implications for european siting guidance,yes,no,yes,NA,NA,NA,Biological Conservation,Elsevier,NA,s1
database,NA,2014,"Establishing macroecological trait datasets: digitalization, extrapolation, and validation of diet preferences in terrestrial mammals worldwide","establishing macroecological trait datasets digitalization, extrapolation, and validation of diet preferences in terrestrial mammals worldwide",no,yes,yes,yes,yes,no,Ecology and Evolution,NA,10.1002/ece3.1136,s1
NA,NA,2019,"Host phylogeny, geographic overlap, and roost sharing shape parasite communities in European bats","host phylogeny, geographic overlap, and roost sharing shape parasite communities in european bats",yes,no,yes,NA,NA,NA,Frontiers in Ecology …,frontiersin.org,10.3389/fevo.2019.00069,s1
NA,NA,2018,The relative effects of local and landscape characteristics of hedgerows on bats,the relative effects of local and landscape characteristics of hedgerows on bats,yes,no,yes,NA,NA,NA,Diversity,mdpi.com,NA,s1
NA,NA,2005,"Factors affecting Grey‐headed Flying‐fox (Pteropus poliocephalus: Pteropodidae) foraging in the Melbourne metropolitan area, Australia","factors affecting grey headed flying fox (pteropus poliocephalus pteropodidae) foraging in the melbourne metropolitan area, australia",no,no,yes,NA,NA,NA,Austral …,Wiley Online Library,10.1111/j.1442-9993.2005.01492.x,s1
NA,NA,2016,Aerial Warfare: Have Bats and Moths Co-evolved?,aerial warfare have bats and moths co evolved?,yes,no,yes,NA,NA,NA,Predator–Prey Interactions …,Springer,10.1007/978-3-319-32492-0_5,s1
review,NA,2015,A global synthesis of survival estimates for microbats,a global synthesis of survival estimates for microbats,yes,no,yes,yes,yes,no,Biology …,royalsocietypublishing.org,10.1098/rsbl.2015.0371,s1
NA,NA,2019,Spatiotemporal distribution of a non-haematophagous bat community and rabies virus circulation: a proposal for urban rabies surveillance in Brazil,spatiotemporal distribution of a non haematophagous bat community and rabies virus circulation a proposal for urban rabies surveillance in brazil,yes,no,yes,NA,NA,NA,Epidemiology & …,cambridge.org,NA,s1
NA,NA,2012,"Bats of Nepal, A field guide","bats of nepal, a field guide",yes,no,yes,NA,NA,NA,Small Mammals …,researchportal.helsinki.fi,NA,s1
review,NA,2015,Roost site selection by tree-dwelling bats across biogeographical regions: an updated meta-analysis with meta-regression,roost site selection by tree dwelling bats across biogeographical regions an updated meta analysis with meta regression,yes,no,yes,yes,yes,no,Mammal Review,NA,10.1111/mam.12044,s1
NA,NA,2019,Do activity patterns and the degree of foraging specialization enable niche partitioning in nectarivorous bats?,do activity patterns and the degree of foraging specialization enable niche partitioning in nectarivorous bats?,yes,no,yes,NA,NA,NA,Acta …,ingentaconnect.com,10.3161/15081109ACC2019.21.1.011,s1
review,NA,2015,Bats as bioindicators of heavy metal pollution: history and prospect,bats as bioindicators of heavy metal pollution history and prospect,yes,no,yes,yes,no,no,Mammalian Biology,NA,10.1016/j.mambio.2015.01.001,s1
NA,NA,2021,"Body size affects immune cell proportions in birds and non-volant mammals, but not bats","body size affects immune cell proportions in birds and non volant mammals, but not bats",yes,no,yes,NA,NA,NA,Journal of …,journals.biologists.com,10.1242/jeb.241109/2079153/jeb241109,s1
NA,NA,2015,Is part‐night lighting an effective measure to limit the impacts of artificial lighting on bats?,is part night lighting an effective measure to limit the impacts of artificial lighting on bats?,yes,no,yes,NA,NA,NA,Global Change …,Wiley Online Library,10.1111/gcb.13036,s1
review,NA,2015,Home ranges of Recent mammals,home ranges of recent mammals,no,no,yes,yes,no,no,Ecology,NA,10.1890/14-2264.1,s1
NA,NA,2021,"Extent, configuration and diversity of burned and forested areas predict bat richness in a fire-maintained forest","extent, configuration and diversity of burned and forested areas predict bat richness in a fire maintained forest",yes,no,yes,NA,NA,NA,Landscape …,Springer,10.1007/s10980-021-01204-y,s1
NA,NA,2016,"Environment, host, and fungal traits predict continental-scale white-nose syndrome in bats","environment, host, and fungal traits predict continental scale white nose syndrome in bats",yes,yes,yes,NA,NA,NA,Science …,science.org,10.1126/sciadv.1500831,s1
NA,NA,2019,Elucidating the consequences of a warming climate for common bat species in north-western Europe,elucidating the consequences of a warming climate for common bat species in north western europe,yes,no,yes,NA,NA,NA,Acta …,ingentaconnect.com,10.3161/15081109ACC2019.21.2.011,s1
NA,NA,2019,The effects of wildfire severity and pyrodiversity on bat occupancy and diversity in fire-suppressed forests,the effects of wildfire severity and pyrodiversity on bat occupancy and diversity in fire suppressed forests,yes,no,yes,NA,NA,NA,Scientific Reports,nature.com,NA,s1
NA,NA,2023,Viral maintenance and excretion dynamics of coronaviruses within an Egyptian rousette fruit bat maternal colony: considerations for spillover,viral maintenance and excretion dynamics of coronaviruses within an egyptian rousette fruit bat maternal colony considerations for spillover,yes,no,yes,NA,NA,NA,Scientific Reports,nature.com,NA,s1
NA,NA,2023,Relative importance of two bat species as pollinators of Neobuxbaumia tetetzo (Cactaceae): Evidences from morphometric and pollen load analyses,relative importance of two bat species as pollinators of neobuxbaumia tetetzo (cactaceae) evidences from morphometric and pollen load analyses,yes,no,yes,NA,NA,NA,Ecological …,Wiley Online Library,10.1111/1440-1703.12384,s1
NA,NA,2009,Visual analysis of dimensionality reduction for exploring bat flight kinematics in a virtual environment,visual analysis of dimensionality reduction for exploring bat flight kinematics in a virtual environment,yes,no,yes,NA,NA,NA,Proceedings of the …,diglib.eg.org,10.2312/EGVE.JVRC09.077-084/077-084,s1
NA,NA,2013,Indiana bat summer maternity distribution: effects of current and future climates,indiana bat summer maternity distribution effects of current and future climates,yes,no,yes,NA,NA,NA,Ecology and Evolution,Wiley Online Library,10.1002/ece3.440,s1
NA,NA,2019,Fluctuating fortunes: genomes and habitat reconstructions reveal global climate-mediated changes in bats' genetic diversity,fluctuating fortunes genomes and habitat reconstructions reveal global climate mediated changes in bats genetic diversity,yes,no,yes,NA,NA,NA,Proceedings of the …,royalsocietypublishing.org,10.1098/rspb.2019.0304,s1
NA,NA,2019,Bat sonar and wing morphology predict species vertical niche,bat sonar and wing morphology predict species vertical niche,yes,no,yes,NA,NA,NA,The Journal of the Acoustical …,pubs.aip.org,NA,s1
NA,NA,2012,Integrated operational taxonomic units (IOTUs) in echolocating bats: a bridge between molecular and traditional taxonomy,integrated operational taxonomic units (iotus) in echolocating bats a bridge between molecular and traditional taxonomy,yes,no,yes,NA,NA,NA,PloS one,journals.plos.org,NA,s1
NA,NA,2017,Ecology and conservation of insectivorous bats in fragmented areas of macadamia production in eastern Australia,ecology and conservation of insectivorous bats in fragmented areas of macadamia production in eastern australia,yes,no,yes,NA,NA,NA,Austral …,Wiley Online Library,10.1111/aec.12478,s1
NA,NA,2024,"A genome assembly of the Yuma myotis bat, Myotis yumanensis","a genome assembly of the yuma myotis bat, myotis yumanensis",yes,no,yes,NA,NA,NA,Journal of …,academic.oup.com,NA,s1
NA,NA,2016,Chemical tradeoffs in seed dispersal: defensive metabolites in fruits deter consumption by mutualist bats,chemical tradeoffs in seed dispersal defensive metabolites in fruits deter consumption by mutualist bats,yes,no,yes,NA,NA,NA,Oikos,Wiley Online Library,10.1111/oik.02210,s1
NA,NA,2012,An all-Ireland volunteer-based bat monitoring scheme: the process of volunteer recruitment and validation of results,an all ireland volunteer based bat monitoring scheme the process of volunteer recruitment and validation of results,yes,no,yes,NA,NA,NA,Irish Naturalists' Journal,JSTOR,NA,s1
NA,NA,2011,Response of bat species to sylvo-pastoral abandonment,response of bat species to sylvo pastoral abandonment,yes,no,yes,NA,NA,NA,Forest Ecology and …,Elsevier,NA,s1
article,NA,2016,"Geographical analysis for detecting high-risk areas for bovine/human rabies transmitted by the common hematophagous bat in the Amazon region, Brazil","geographical analysis for detecting high risk areas for bovine/human rabies transmitted by the common hematophagous bat in the amazon region, brazil",yes,no,yes,yes,no,no,PLoS …,journals.plos.org,10.1371/journal.pone.0157332,s1
NA,NA,2015,Bat auditory cortex–model for general mammalian auditory computation or special design solution for active time perception?,bat auditory cortex model for general mammalian auditory computation or special design solution for active time perception?,yes,no,yes,NA,NA,NA,European Journal of …,Wiley Online Library,10.1111/ejn.12801,s1
NA,NA,2022,A mechanism for punctuating equilibria during mammalian vocal development,a mechanism for punctuating equilibria during mammalian vocal development,no,no,yes,NA,NA,NA,PLoS computational …,journals.plos.org,NA,s1
NA,NA,2016,Behavioral and physiological bases for doppler shift compensation by echolocating bats,behavioral and physiological bases for doppler shift compensation by echolocating bats,yes,no,yes,NA,NA,NA,Bat bioacoustics,Springer,10.1007/978-1-4939-3527-7_9,s1
NA,NA,2020,Changes in bat activity over 10 years in silviculturally treated wet sclerophyll forest,changes in bat activity over 10 years in silviculturally treated wet sclerophyll forest,yes,no,yes,NA,NA,NA,Australian Mammalogy,CSIRO Publishing,NA,s1
NA,NA,2021,Skin fungal assemblages of bats vary based on susceptibility to white-nose syndrome,skin fungal assemblages of bats vary based on susceptibility to white nose syndrome,yes,no,yes,NA,NA,NA,The ISME …,academic.oup.com,NA,s1
NA,NA,2012,Metacommunity analysis of Mexican bats: environmentally mediated structure in an area of high geographic and environmental complexity,metacommunity analysis of mexican bats environmentally mediated structure in an area of high geographic and environmental complexity,yes,no,yes,NA,NA,NA,Journal of …,Wiley Online Library,10.1111/j.1365-2699.2011.02590.x,s1
NA,NA,2024,DNA metabarcoding analyses reveal fine-scale microbiome structures on Western Canadian bat wings,dna metabarcoding analyses reveal fine scale microbiome structures on western canadian bat wings,yes,no,yes,NA,NA,NA,Microbiology Spectrum,journals.asm.org,10.1128/spectrum.00376-24,s1
NA,NA,2022,Skin microbiota variation among bat species in china and their potential defense against pathogens,skin microbiota variation among bat species in china and their potential defense against pathogens,yes,no,yes,NA,NA,NA,Frontiers in …,frontiersin.org,10.3389/fmicb.2022.808788,s1
NA,NA,2022,Research priorities for the ghost bat (Macroderma gigas) in the Pilbara region of Western Australia,research priorities for the ghost bat (macroderma gigas) in the pilbara region of western australia,yes,no,yes,NA,NA,NA,Australian …,CSIRO Publishing,NA,s1
NA,NA,2023,White-nose syndrome restructures bat skin microbiomes,white nose syndrome restructures bat skin microbiomes,yes,no,yes,NA,NA,NA,Microbiology …,Am Soc Microbiol,10.1128/spectrum.02715-23,s1
NA,NA,2018,Assessing niche partitioning of co‐occurring sibling bat species by DNA metabarcoding,assessing niche partitioning of co occurring sibling bat species by dna metabarcoding,yes,no,yes,NA,NA,NA,Molecular …,Wiley Online Library,10.1111/mec.14508,s1
NA,NA,2022,Great diversity of KSα sequences from bat-associated microbiota suggests novel sources of uncharacterized natural products,great diversity of ksα sequences from bat associated microbiota suggests novel sources of uncharacterized natural products,yes,no,yes,NA,NA,NA,FEMS …,academic.oup.com,10.1093/femsmc/xtac012/6569701,s1
NA,NA,2016,External bacterial diversity on bats in the southwestern United States: changes in bacterial community structure above and below ground,external bacterial diversity on bats in the southwestern united states changes in bacterial community structure above and below ground,yes,no,yes,NA,NA,NA,PeerJ …,academia.edu,NA,s1
NA,NA,2004,The evolution of endothermy and its diversity in mammals and birds,the evolution of endothermy and its diversity in mammals and birds,no,no,yes,NA,NA,NA,… and Biochemical Zoology,journals.uchicago.edu,10.1086/425188,s1
review,NA,2016,Roads and bats: a meta-analysis and review of the evidence on vehicle collisions and barrier effects,roads and bats a meta analysis and review of the evidence on vehicle collisions and barrier effects,yes,no,yes,yes,yes,no,Mammal Review,NA,10.1111/mam.12072,s1
NA,NA,2023,Characterization of the bacterial microbiome of non-hematophagous bats and associated ectoparasites from Brazil,characterization of the bacterial microbiome of non hematophagous bats and associated ectoparasites from brazil,yes,no,yes,NA,NA,NA,Frontiers in …,frontiersin.org,10.3389/fmicb.2023.1261156,s1
NA,NA,2024,"New Report: An Overview of Bats Bacteria And Its Implication For Tourism In KEK Mandalika, Lombok Island West Nusa Tenggara-Indonesia","new report an overview of bats bacteria and its implication for tourism in kek mandalika, lombok island west nusa tenggara indonesia",yes,no,yes,NA,NA,NA,… Series: Earth and …,iopscience.iop.org,10.1088/1755-1315/1425/1/012022,s1
NA,NA,2016,Foraging Behavior and Habitat Selection of Noack's Round-Leaf Bat (Hipposideros aff. ruber) and Conservation Implications,foraging behavior and habitat selection of noack s round leaf bat (hipposideros aff. ruber) and conservation implications,yes,no,yes,NA,NA,NA,Tropical …,journals.sagepub.com,10.1177/1940082916680428,s1
NA,NA,2019,Coordinated change at the colony level in fruit bat fur microbiomes through time,coordinated change at the colony level in fruit bat fur microbiomes through time,yes,no,yes,NA,NA,NA,Nature Ecology & …,nature.com,NA,s1
NA,NA,2023,"The mycobiome of bats in the American Southwest is structured by geography, bat species, and behavior","the mycobiome of bats in the american southwest is structured by geography, bat species, and behavior",yes,no,yes,NA,NA,NA,Microbial Ecology,Springer,10.1007/s00248-023-02230-w,s1
NA,NA,2016,"Viral Diversity, Prey Preference, and Bartonella Prevalence in Desmodus rotundus in Guatemala","viral diversity, prey preference, and bartonella prevalence in desmodus rotundus in guatemala",no,no,yes,NA,NA,NA,EcoHealth,Springer,10.1007/s10393-016-1183-z,s1
NA,NA,2024,"Comparison of fungal and bacterial microbiomes of bats and their cave roosting environments at El Malpais National Monument, New Mexico, USA","comparison of fungal and bacterial microbiomes of bats and their cave roosting environments at el malpais national monument, new mexico, usa",yes,no,yes,NA,NA,NA,Geomicrobiology …,Taylor &Francis,10.1080/01490451.2023.2283427,s1
NA,NA,2015,The use of commercial fruits as attraction agents may increase the seed dispersal by bats to degraded areas in Southern Mexico,the use of commercial fruits as attraction agents may increase the seed dispersal by bats to degraded areas in southern mexico,yes,no,yes,NA,NA,NA,Tropical …,journals.sagepub.com,10.1177/194008291500800203,s1
NA,NA,2022,Microbial isolates with Anti-Pseudogymnoascus destructans activities from Western Canadian bat wings,microbial isolates with anti pseudogymnoascus destructans activities from western canadian bat wings,yes,no,yes,NA,NA,NA,Scientific Reports,nature.com,NA,s1
NA,NA,2021,The heart microbiome of insectivorous bats from Central and South Eastern Europe,the heart microbiome of insectivorous bats from central and south eastern europe,yes,no,yes,NA,NA,NA,… and Infectious Diseases,Elsevier,NA,s1
NA,NA,2021,Southwestern bats and their external bacteria,southwestern bats and their external bacteria,yes,no,yes,NA,NA,NA,Western North American …,BioOne,10.3398/064.081.0206.short,s1
NA,NA,2020,"FUNGI FROM DEAD ARTHROPODS AND BATS OF GOMANTONG CAVE, NORTHERN BORNEO, SABAH (MALAYSIA).","fungi from dead arthropods and bats of gomantong cave, northern borneo, sabah (malaysia).",no,no,yes,NA,NA,NA,Journal of Cave & …,legacy.caves.org,NA,s1
review,NA,2016,Bats and aquatic habitats: a review of habitat use and anthropogenic impacts,bats and aquatic habitats a review of habitat use and anthropogenic impacts,yes,no,yes,yes,yes,no,Mammal Review,NA,10.1111/mam.12059,s1
article,NA,2016,Acoustic identification of Mexican bats based on taxonomic and ecological constraints on call design,acoustic identification of mexican bats based on taxonomic and ecological constraints on call design,yes,no,yes,yes,yes,no,Methods in Ecology and Evolution,NA,10.1111/2041-210X.12556,s1
database,NA,2016,COMADRE: a global data base of animal demography,comadre a global data base of animal demography,no,no,yes,yes,no,no,Journal of Animal Ecology,NA,10.1111/1365-2656.12482,s1
review,NA,2017,Chromatic disorders in bats: a review of pigmentation anomalies and the misuse of terms to describe them,chromatic disorders in bats a review of pigmentation anomalies and the misuse of terms to describe them,yes,no,yes,yes,yes,no,Mammal Review,NA,10.1111/mam.12083,s1
review,NA,2017,The threat of invasive species to bats: a review,the threat of invasive species to bats a review,yes,no,yes,yes,yes,no,Mammal Review,NA,10.1111/mam.12099,s1
review,NA,2017,"Inventory, Features, and Protection of Underground Roosts Used by Bats in Mexico","inventory, features, and protection of underground roosts used by bats in mexico",yes,no,yes,yes,no,no,Acta Chiropterologica,NA,10.3161/15081109ACC2017.19.2.019,s1
database,NA,2018,"Bat Biology, Genomes, and the Bat1K Project: To Generate Chromosome-Level Genomes for All Living Bat Species","bat biology, genomes, and the bat1k project to generate chromosome level genomes for all living bat species",yes,no,yes,yes,yes,no,Annual Review of Animal Biosciences,NA,10.1146/annurev-animal-022516-022811,s1
review,NA,2018,Updated distribution maps for neotropical bats in the superfamily Noctilionoidea,updated distribution maps for neotropical bats in the superfamily noctilionoidea,yes,no,yes,yes,yes,no,Ecology,NA,10.1002/ecy.2404,s1
review,NA,2018,Trophic structure of frugivorous bats in the Neotropics: emergent patterns in evolutionary history,trophic structure of frugivorous bats in the neotropics emergent patterns in evolutionary history,yes,no,yes,yes,yes,no,Mammal Review,NA,10.1111/mam.12116,s1
article,NA,2018,Identifying unusual mortality events in bats: a baseline for bat hibernation monitoring and white-nose syndrome research,identifying unusual mortality events in bats a baseline for bat hibernation monitoring and white nose syndrome research,yes,no,yes,yes,yes,no,Mammal Review,NA,10.1111/mam.12122,s1
article,NA,2018,Ecomorphological and phylogenetic controls on sympatry across extant bats,ecomorphological and phylogenetic controls on sympatry across extant bats,yes,no,yes,yes,yes,no,Journal of Biogeography,NA,10.1111/jbi.13353,s1
article,NA,2018,Body size information in large-scale acoustic bat databases,body size information in large scale acoustic bat databases,yes,no,yes,yes,yes,no,PeerJ,NA,10.7717/peerj.5370,s1
database,NA,2018,ATLANTIC MAMMAL TRAITS: a data set of morphological traits of mammals in the Atlantic Forest of South America,atlantic mammal traits a data set of morphological traits of mammals in the atlantic forest of south america,no,yes,yes,yes,yes,no,Ecology,NA,10.1002/ecy.2106,s1
review,NA,2019,Does seed ingestion by bats enhance germination? A new meta-analysis 15 years later,does seed ingestion by bats enhance germination? a new meta analysis 15 years later,yes,no,yes,yes,yes,no,Mammal …,Wiley Online Library,10.1111/mam.12153,s1
review,NA,2019,"Macroecological patterns of mammals across taxonomic, spatial, and temporal scales","macroecological patterns of mammals across taxonomic, spatial, and temporal scales",no,no,yes,yes,no,no,Journal of Mammalogy,NA,10.1093/jmammal/gyy171,s1
review,NA,2019,Latitudinal gradients in the ecology of New World bats,latitudinal gradients in the ecology of new world bats,yes,no,yes,yes,yes,no,Global Ecology and Biogeography,NA,10.1111/geb.12892,s1
article,NA,2019,Comparative morphology and scaling of the femur in yangochiropteran bats,comparative morphology and scaling of the femur in yangochiropteran bats,yes,no,yes,yes,yes,no,Journal of Anatomy,NA,10.1111/joa.12996,s1
NA,NA,2018,Bats of the Philippine Islands—A review of research directions and relevance to national-level priorities and targets,bats of the philippine islands a review of research directions and relevance to national level priorities and targets,yes,no,yes,NA,NA,NA,Mammalian Biology,NA,10.1016/j.mambio.2018.03.005,s1
NA,NA,2022,Long-term field studies in bat research: importance for basic and applied research questions in animal behavior,long term field studies in bat research importance for basic and applied research questions in animal behavior,yes,no,yes,NA,NA,NA,Behavioral Ecology and Sociobiology,NA,10.1007/s00265-022-03180-y,s1
article,NA,2020,Six reference-quality genomes reveal evolution of bat adaptations,six reference quality genomes reveal evolution of bat adaptations,yes,no,yes,yes,yes,no,Nature,nature.com,10.1038/s41586-020-2486-3,s1
review,NA,2020,The influence of bat ecology on viral diversity and reservoir status,the influence of bat ecology on viral diversity and reservoir status,yes,no,yes,yes,yes,no,Ecology and Evolution,Wiley Online Library,10.1002/ece3.6315,s1
review,NA,2020,Global shifts in mammalian population trends reveal key predictors of virus spillover risk,global shifts in mammalian population trends reveal key predictors of virus spillover risk,no,no,yes,yes,yes,no,… of the Royal …,royalsocietypublishing.org,10.1098/rspb.2019.2736,s1
database,NA,2020,The Sonozotz project: Assembling an echolocation call library for bats in a megadiverse country,the sonozotz project assembling an echolocation call library for bats in a megadiverse country,yes,no,yes,yes,no,no,Ecology and Evolution,NA,10.1002/ece3.6245,s1
review,NA,2020,Does body mass restrict call peak frequency in echolocating bats?,does body mass restrict call peak frequency in echolocating bats?,yes,no,yes,yes,yes,no,Mammal Review,NA,10.1111/mam.12196,s1
NA,NA,2021,Effects of land-use changes on Brazilian bats: a review of current knowledge,effects of land use changes on brazilian bats a review of current knowledge,yes,no,yes,NA,NA,NA,Mammal Review,NA,10.1111/mam.12227,s1
review,NA,2020,"Structure of the Interaction Networks Between Bats (Mammalia: Chiroptera) and Ectoparasite Flies (Diptera: Streblidae, Nycteribiidae) on a Latitudinal Gradient","structure of the interaction networks between bats (mammalia chiroptera) and ectoparasite flies (diptera streblidae, nycteribiidae) on a latitudinal gradient",yes,no,yes,yes,yes,no,Acta Chiropterologica,NA,10.3161/15081109ACC2020.22.1.018,s1
review,NA,2020,Global gaps in trait data for terrestrial vertebrates,global gaps in trait data for terrestrial vertebrates,no,yes,yes,yes,yes,no,Global Ecology and Biogeography,NA,10.1111/geb.13184,s1
review,NA,2021,Drivers of European bat population change: a review reveals evidence gaps,drivers of european bat population change a review reveals evidence gaps,yes,no,yes,yes,yes,no,Mammal …,Wiley Online Library,10.1111/mam.12239,s1
review,NA,2021,Annual precipitation predicts the phylogenetic signal in bat-fruit interaction networks across the Neotropics,annual precipitation predicts the phylogenetic signal in bat fruit interaction networks across the neotropics,yes,no,yes,yes,yes,no,Biology …,royalsocietypublishing.org,10.1098/rsbl.2021.0478,s1
review,NA,2021,Cats Felis catus as a threat to bats worldwide: a review of the evidence,cats felis catus as a threat to bats worldwide a review of the evidence,yes,no,yes,yes,yes,no,Mammal Review,NA,10.1111/mam.12240,s1
review,NA,2021,We eat meat: a review of carnivory in bats,we eat meat a review of carnivory in bats,yes,no,yes,yes,yes,no,Mammal Review,NA,10.1111/mam.12254,s1
review,NA,2021,In the shadow of the rising sun: a systematic review of Japanese bat research and conservation,in the shadow of the rising sun a systematic review of japanese bat research and conservation,yes,no,yes,yes,yes,no,Mammal Review,NA,10.1111/mam.12226,s1
review,NA,2021,Bat echolocation in continental China: a systematic review and first acoustic identification key for the country,bat echolocation in continental china a systematic review and first acoustic identification key for the country,yes,no,yes,yes,no,no,Mammal Research,NA,10.1007/s13364-021-00570-x,s1
NA,NA,2020,Ecology of bats and their role in emerging zoonotic diseases: a review,ecology of bats and their role in emerging zoonotic diseases a review,yes,no,yes,NA,NA,NA,Revue Scientifique Et Technique (International Office of Epizootics),NA,10.20506/rst.39.3.3198,s1
review,NA,2021,A review of the breeding biology of Chiroptera,a review of the breeding biology of chiroptera,no,no,yes,yes,yes,no,Mammal Review,NA,10.1111/mam.12236,s1
review,NA,2021,The Critical Importance of Old World Fruit Bats for Healthy Ecosystems and Economies,the critical importance of old world fruit bats for healthy ecosystems and economies,yes,no,yes,yes,yes,no,Frontiers in Ecology and Evolution,NA,10.3389/fevo.2021.641411,s1
review,NA,2021,Post-construction bird and bat fatality monitoring studies at wind energy projects in Latin America: A summary and review,post construction bird and bat fatality monitoring studies at wind energy projects in latin america a summary and review,yes,no,yes,yes,no,no,Heliyon,NA,10.1016/j.heliyon.2021.e07251,s1
article,NA,2021,Dental Variation in Megabats (Chiroptera: Pteropodidae): Tooth Metrics Correlate with Body Size and Tooth Proportions Reflect Phylogeny,dental variation in megabats (chiroptera pteropodidae) tooth metrics correlate with body size and tooth proportions reflect phylogeny,yes,no,yes,yes,yes,no,Journal of Mammalian Evolution,NA,10.1007/s10914-020-09508-7,s1
database,NA,2021,COMBINE: a coalesced mammal database of intrinsic and extrinsic traits,combine a coalesced mammal database of intrinsic and extrinsic traits,no,yes,yes,yes,yes,no,Ecology,NA,10.1002/ecy.3344,s1
article,NA,2022,The role of forest structure and composition in driving the distribution of bats in Mediterranean regions,the role of forest structure and composition in driving the distribution of bats in mediterranean regions,yes,no,yes,yes,yes,no,Scientific Reports,nature.com,10.1038/s41598-022-07229-w,s1
review,NA,2022,Do gastrointestinal microbiomes play a role in bats' unique viral hosting capacity?,do gastrointestinal microbiomes play a role in bats unique viral hosting capacity?,yes,no,yes,yes,no,no,Trends in …,cell.com,10.1016/j.tim.2021.12.009,s1
review,NA,2022,An overview of bats microbiota and its implication in transmissible diseases,an overview of bats microbiota and its implication in transmissible diseases,yes,no,yes,yes,no,no,Frontiers in …,frontiersin.org,10.3389/fmicb.2022.1012189,s1
database,NA,2022,"DarkCideS 1.0, a global database for bats in karsts and caves","darkcides 1.0, a global database for bats in karsts and caves",yes,no,yes,yes,yes,no,Scientific Data,NA,10.1038/s41597-022-01234-4,s1
database,NA,2022,A database of common vampire bat reports,a database of common vampire bat reports,yes,no,yes,yes,yes,no,Scientific Data,NA,10.1038/s41597-022-01140-9,s1
database,NA,2022,ChiroVox: a public library of bat calls,chirovox a public library of bat calls,yes,no,yes,yes,yes,no,PeerJ,NA,10.7717/peerj.12445,s1
NA,NA,2018,Terrestrial Behavior and Trackway Morphology of Neotropical Bats,terrestrial behavior and trackway morphology of neotropical bats,yes,no,yes,NA,NA,NA,Acta Chiropterologica,NA,10.3161/15081109ACC2018.20.1.018,s1
database,NA,2022,NeoBat Interactions: A data set of bat-plant interactions in the Neotropics,neobat interactions a data set of bat plant interactions in the neotropics,yes,no,yes,yes,yes,no,Ecology,NA,10.1002/ecy.3640,s1
review,NA,2022,Bats and their vital ecosystem services: a global review,bats and their vital ecosystem services a global review,yes,no,yes,yes,yes,no,Integrative Zoology,NA,10.1111/1749-4877.12552,s1
review,NA,2022,Global Medicinal Use of Bats: A Systematic Literature and Social Media Review,global medicinal use of bats a systematic literature and social media review,yes,no,yes,yes,yes,no,Diversity,NA,10.3390/d14030179,s1
review,NA,2022,Bats and pollution: Genetic approaches in ecotoxicology,bats and pollution genetic approaches in ecotoxicology,yes,no,yes,yes,yes,no,Chemosphere,NA,10.1016/j.chemosphere.2022.135934,s1
review,NA,2022,Estado del arte del conocimiento de biodiversidad de los polinizadores de Mexico,estado del arte del conocimiento de biodiversidad de los polinizadores de mexico,no,no,yes,yes,yes,no,Revista Mexicana de Biodiversidad,NA,10.22201/ib.20078706e.2022.93.3948,s1
review,NA,2022,"Heterothermy, body size, and locomotion as ecological predictors of migration in mammals","heterothermy, body size, and locomotion as ecological predictors of migration in mammals",no,no,yes,yes,yes,no,Mammal Review,NA,10.1111/mam.12263,s1
NA,NA,2024,Disease tolerance as immune defense strategy in bats: One size fits all?,disease tolerance as immune defense strategy in bats one size fits all?,yes,no,yes,NA,NA,NA,PLOS Pathogens,NA,10.1371/journal.ppat.1012471,s1
article,NA,2022,Exploring a Hidden Structure in New World Bats: The Pollex,exploring a hidden structure in new world bats the pollex,yes,no,yes,yes,yes,no,NA,NA,10.5281/zenodo.13503351,s1
database,NA,2022,"AnimalTraits - a curated animal trait database for body mass, metabolic rate and brain size","animaltraits a curated animal trait database for body mass, metabolic rate and brain size",no,yes,yes,yes,yes,no,Scientific Data,NA,10.1038/s41597-022-01364-9,s1
database,NA,2022,The Global Virome in One Network (VIRION): an Atlas of Vertebrate-Virus Associations,the global virome in one network (virion) an atlas of vertebrate virus associations,no,no,yes,yes,yes,no,mBio,NA,10.1128/mbio.02985-21,s1
database,NA,2022,ATLANTIC POLLINATION: a data set of flowers and interaction with nectar-feeding vertebrates from the Atlantic Forest,atlantic pollination a data set of flowers and interaction with nectar feeding vertebrates from the atlantic forest,no,no,yes,yes,yes,no,Ecology,NA,10.1002/ecy.3595,s1
article,NA,2024,Higher and bigger: How riparian bats react to climate change,higher and bigger how riparian bats react to climate change,yes,no,yes,yes,no,NA,Science of The Total Environment,NA,10.1016/j.scitotenv.2023.169733,s1
database,NA,2022,ZOVER: the database of zoonotic and vector-borne viruses,zover the database of zoonotic and vector borne viruses,no,no,yes,yes,yes,no,Nucleic Acids Research,NA,10.1093/nar/gkab862,s1
NA,NA,2024,Immunological features of bats: resistance and tolerance to emerging viruses,immunological features of bats resistance and tolerance to emerging viruses,yes,no,yes,NA,NA,NA,Trends in Immunology,NA,10.1016/j.it.2024.01.008,s1
NA,NA,2021,The scope and severity of white-nose syndrome on hibernating bats in North America,the scope and severity of white nose syndrome on hibernating bats in north america,yes,no,yes,NA,NA,NA,Conservation Biology,NA,10.1111/cobi.13739,s1
review,NA,2023,A meta-analysis exploring associations between habitat degradation and Neotropical bat virus prevalence and seroprevalence,a meta analysis exploring associations between habitat degradation and neotropical bat virus prevalence and seroprevalence,yes,no,yes,yes,yes,no,Ecography,Wiley Online Library,10.1111/ecog.07041,s1
review,NA,2023,Reducing conflict between the common vampire bat Desmodus rotundus and cattle ranching in Neotropical landscapes,reducing conflict between the common vampire bat desmodus rotundus and cattle ranching in neotropical landscapes,yes,no,yes,yes,yes,no,Mammal …,Wiley Online Library,10.1111/mam.12313,s1
NA,NA,2023,Historical account and current knowledge of the southernmost Chiropterofauna in the world: the Magellanic/Fuegian bats,historical account and current knowledge of the southernmost chiropterofauna in the world the magellanic/fuegian bats,yes,no,yes,NA,NA,NA,Studies on Neotropical Fauna and Environment,NA,10.1080/01650521.2023.2274146,s1
review,NA,2023,Robust evidence for bats as reservoir hosts is lacking in most African virus studies: a review and call to optimize sampling and conserve bats,robust evidence for bats as reservoir hosts is lacking in most african virus studies a review and call to optimize sampling and conserve bats,yes,no,yes,yes,yes,no,Biology Letters,NA,10.1098/rsbl.2023.0358,s1
review,NA,2023,A global assessment of the 'island rule' in bats based on functionally distinct measures of body size,a global assessment of the island rule in bats based on functionally distinct measures of body size,yes,no,yes,yes,yes,no,Journal of Biogeography,NA,10.1111/jbi.14624,s1
review,NA,2023,Pest suppression by bats and management strategies to favour it: a global review,pest suppression by bats and management strategies to favour it a global review,yes,no,yes,yes,yes,no,Biological Reviews,NA,10.1111/brv.12967,s1
article,NA,2023,Environmental drivers of body size in North American bats,environmental drivers of body size in north american bats,yes,no,yes,yes,yes,no,Functional Ecology,NA,10.1111/1365-2435.14287,s1
review,NA,2023,Trends in Bacterial Pathogens of Bats: Global Distribution and Knowledge Gaps,trends in bacterial pathogens of bats global distribution and knowledge gaps,yes,no,yes,yes,yes,no,Transboundary and Emerging Diseases,NA,10.1155/2023/9285855,s1
review,NA,2023,Coronavirus sampling and surveillance in bats from 1996-2019: a systematic review and meta-analysis,coronavirus sampling and surveillance in bats from 1996 2019 a systematic review and meta analysis,yes,no,yes,yes,yes,no,Nature Microbiology,NA,10.1038/s41564-023-01375-1,s1
review,NA,2023,The Virome of Bats Inhabiting Brazilian Biomes: Knowledge Gaps and Biases towards Zoonotic Viruses,the virome of bats inhabiting brazilian biomes knowledge gaps and biases towards zoonotic viruses,yes,no,yes,yes,yes,no,Microbiology Spectrum,NA,10.1128/spectrum.04077-22,s1
review,NA,2023,How significant are bats as potential carriers of zoonotic <i>Cryptosporidium</i> and <i>Giardia</i>?,how significant are bats as potential carriers of zoonotic <i>cryptosporidium</i> and <i>giardia</i>?,yes,no,yes,yes,yes,no,Current Research in Parasitology & Vector-Borne Diseases,NA,10.1016/j.crpvbd.2023.100155,s1
review,NA,2023,Viral Co-Infection in Bats: A Systematic Review,viral co infection in bats a systematic review,yes,no,yes,yes,yes,no,Viruses,NA,10.3390/v15091860,s1
review,NA,2023,Phylogeographic Aspects of Bat Lyssaviruses in Europe: A Review,phylogeographic aspects of bat lyssaviruses in europe a review,yes,no,yes,yes,yes,no,Pathogens,NA,10.3390/pathogens12091089,s1
review,NA,2023,<i>Leishmania</i> species infection of bats: A systematic review,<i>leishmania</i> species infection of bats a systematic review,yes,no,yes,yes,no,no,Acta Tropica,NA,10.1016/j.actatropica.2023.107025,s1
review,NA,2023,"The Bats of Greece: An Updated Review of Their Distribution, Ecology and Conservation","the bats of greece an updated review of their distribution, ecology and conservation",yes,no,yes,yes,yes,no,Animals: an open access journal from MDPI,NA,10.3390/ani13152529,s1
review,NA,2023,A review of the diet of the common vampire bat (Desmodus rotundus) in the context of anthropogenic change,a review of the diet of the common vampire bat (desmodus rotundus) in the context of anthropogenic change,yes,no,yes,yes,yes,no,Mammalian Biology,NA,10.1007/s42991-023-00358-3,s1
review,NA,2023,Wildlife Use of Anthropogenic Structures: A Comprehensive Review of Bridge Use by Bats,wildlife use of anthropogenic structures a comprehensive review of bridge use by bats,yes,no,yes,yes,no,no,Acta Chiropterologica,NA,10.3161/15081109ACC2023.25.1.008,s1
review,NA,2023,"Bat-associated microbes: Opportunities and perils, an overview","bat associated microbes opportunities and perils, an overview",yes,no,yes,yes,yes,no,Heliyon,NA,10.1016/j.heliyon.2023.e22351,s1
review,NA,2023,Are we hunting bats to extinction? Worldwide patterns of hunting risk in bats are driven by species ecology and regional economicsy,are we hunting bats to extinction? worldwide patterns of hunting risk in bats are driven by species ecology and regional economicsy,yes,no,yes,yes,no,no,Biological Conservation,NA,10.1016/j.biocon.2023.109944,s1
review,NA,2023,Infection of bats with Histoplasma species,infection of bats with histoplasma species,yes,no,yes,yes,yes,no,Medical Mycology,NA,10.1093/mmy/myad080,s1
review,NA,2023,Evidence of Antimicrobial Resistance in Bats and Its Planetary Health Impact for Surveillance of Zoonotic Spillover Events: A Scoping Review,evidence of antimicrobial resistance in bats and its planetary health impact for surveillance of zoonotic spillover events a scoping review,yes,no,yes,yes,yes,no,International Journal of Environmental Research and Public Health,NA,10.3390/ijerph20010243,s1
database,NA,2023,HomeRange: A global database of mammalian home ranges,homerange a global database of mammalian home ranges,no,no,yes,yes,yes,no,Global Ecology and Biogeography,NA,10.1111/geb.13625,s1
database,NA,2023,Frugivoria: A trait database for birds and mammals exhibiting frugivory across contiguous Neotropical moist forests,frugivoria a trait database for birds and mammals exhibiting frugivory across contiguous neotropical moist forests,no,yes,yes,yes,yes,no,Global Ecology and Biogeography,NA,10.1111/geb.13716,s1
NA,NA,2008,Ecological correlates of vulnerability to fragmentation in Neotropical bats,ecological correlates of vulnerability to fragmentation in neotropical bats,yes,no,yes,NA,NA,NA,Journal of Applied Ecology,NA,10.1111/j.1365-2664.2007.01389.x,s1
NA,NA,2012,"Polydactyly in the largest New World fruit bat, Artibeus lituratus","polydactyly in the largest new world fruit bat, artibeus lituratus",yes,no,yes,NA,NA,NA,Mammal Review,NA,10.1111/j.1365-2907.2011.00198.x,s1
database,NA,2024,"African bat database: curated data of occurrences, distributions and conservation metrics for sub-Saharan bats","african bat database curated data of occurrences, distributions and conservation metrics for sub saharan bats",yes,no,yes,yes,yes,no,Scientific Data,nature.com,10.1038/s41597-024-04170-7,s1
review,NA,2024,A Standardized Review of Bat Names Across Multiple Taxonomic Authorities,a standardized review of bat names across multiple taxonomic authorities,yes,no,yes,yes,yes,no,Arizona State University,NA,10.5281/zenodo.7915721,s1
database,NA,2024,BatFly: A database of Neotropical bat-fly interactions,batfly a database of neotropical bat fly interactions,yes,no,yes,yes,yes,no,Ecology,NA,10.1002/ecy.4249,s1
article,NA,2024,"Climate is changing, are European bats too? A multispecies analysis of trends in body size","climate is changing, are european bats too? a multispecies analysis of trends in body size",yes,no,yes,yes,yes,no,Ecology and Evolution,NA,10.1002/ece3.10872,s1
review,NA,2024,Is banning Persistent Organic Pollutants efficient? A quantitative and qualitative systematic review in bats,is banning persistent organic pollutants efficient? a quantitative and qualitative systematic review in bats,yes,no,yes,yes,yes,no,Perspectives in Ecology and Conservation,NA,10.1016/j.pecon.2024.07.001,s1
report,NA,2024,The state of the bats in North America,the state of the bats in north america,yes,no,yes,yes,no,no,Annals of the New York Academy of Sciences,NA,10.1111/nyas.15225,s1
review,NA,2024,Effective conservation of subterranean-roosting bats,effective conservation of subterranean roosting bats,yes,no,yes,yes,yes,no,Conservation Biology,NA,10.1111/cobi.14157,s1
review,NA,2024,The calls of Vietnamese bats: a major step toward the acoustic characterization of Asian bats,the calls of vietnamese bats a major step toward the acoustic characterization of asian bats,yes,no,yes,yes,yes,no,Scientific Reports,NA,10.1038/s41598-024-72436-6,s1
review,NA,2024,Use of synanthropic roosts by bats in Europe and North America,use of synanthropic roosts by bats in europe and north america,yes,no,yes,yes,no,no,Mammal Review,NA,10.1111/mam.12380,s1
article,NA,2024,The relationship between wing morphology and foraging guilds: exploring the evolution of wing ecomorphs in bats,the relationship between wing morphology and foraging guilds exploring the evolution of wing ecomorphs in bats,yes,no,yes,yes,no,no,Biological Journal of the Linnean Society,NA,10.1093/biolinnean/blad157,s1
article,NA,2024,Monitoring the trade in bat taxidermy and specimens on e-commerce platforms,monitoring the trade in bat taxidermy and specimens on e commerce platforms,yes,no,yes,yes,yes,no,Biological Conservation,NA,10.1016/j.biocon.2024.110827,s1
review,NA,2024,Presencia del virus de la rabia en murciélagos no hematófagos en México,presencia del virus de la rabia en murciélagos no hematófagos en méxico,no,no,yes,yes,yes,no,Ecosistemas y Recursos Agropecuarios,NA,10.19136/era.a11n2.3768,s1
review,NA,2024,Bat Ecology and Microbiome of the Gut: A Narrative Review of Associated Potentials in Emerging and Zoonotic Diseases,bat ecology and microbiome of the gut a narrative review of associated potentials in emerging and zoonotic diseases,yes,no,yes,yes,yes,no,Animals,NA,10.3390/ani14203043,s1
review,NA,2024,Ecotoxicology of heavy metal contamination of Neotropical bats,ecotoxicology of heavy metal contamination of neotropical bats,yes,no,yes,yes,yes,no,Environmental Monitoring and Assessment,NA,10.1007/s10661-024-12553-x,s1
review,NA,2024,A systematic review on current approaches in bat virus discovered between 2018 and 2022,a systematic review on current approaches in bat virus discovered between 2018 and 2022,yes,no,yes,yes,no,no,Journal of Virological Methods,NA,10.1016/j.jviromet.2024.115005,s1
review,NA,2024,A systematic review of trace elements in the tissues of bats (Chiroptera),a systematic review of trace elements in the tissues of bats (chiroptera),yes,no,yes,yes,yes,no,Environmental Pollution,NA,10.1016/j.envpol.2024.124349,s1
review,NA,2024,Zoonotic bacterial pathogens in bats samples around the world: a scoping review,zoonotic bacterial pathogens in bats samples around the world a scoping review,yes,no,yes,yes,yes,no,Preventive Veterinary Medicine,NA,10.1016/j.prevetmed.2024.106135,s1
review,NA,2024,Re-weighing the 5% tagging recommendation: assessing the potential impacts of tags on the behaviour and body condition of bats,re weighing the 5% tagging recommendation assessing the potential impacts of tags on the behaviour and body condition of bats,yes,no,yes,yes,yes,no,Mammal Review,NA,10.1111/mam.12369,s1
database,NA,2024,Bat Eco-Interactions,bat eco interactions,yes,no,yes,yes,yes,no,NA,NA,NA,s1
database,NA,2024,ZooTraits: An R shiny app for exploring animal trait data for ecological and evolutionary research,zootraits an r shiny app for exploring animal trait data for ecological and evolutionary research,no,yes,yes,yes,yes,no,Ecology and Evolution,NA,10.1002/ece3.11334,s1
database,NA,2024,TetraDENSITY 2.0: A Database of Population Density Estimates in Tetrapods,tetradensity 2.0 a database of population density estimates in tetrapods,no,no,yes,yes,yes,no,Global Ecology and Biogeography,NA,10.1111/geb.13929,s1
database,NA,2024,A phylogeny-informed characterisation of global tetrapod traits addresses data gaps and biases,a phylogeny informed characterisation of global tetrapod traits addresses data gaps and biases,no,yes,yes,yes,yes,no,PLOS Biology,NA,10.1371/journal.pbio.3002658,s1
review,NA,2024,Insufficient and biased representation of species geographic responses to climate change,insufficient and biased representation of species geographic responses to climate change,no,no,yes,yes,yes,no,Global Change Biology,NA,10.1111/gcb.17408,s1
review,NA,2024,Status and trends in United States terrestrial mammal research since 1900,status and trends in united states terrestrial mammal research since 1900,no,no,yes,yes,yes,no,Mammal Review,NA,10.1111/mam.12367,s1
